strategy,macd_short,macd_long,macd_signal,rsi_period,rsi_oversold,rsi_overbought,bb_period,bb_std,volume_threshold,capital_final,total_return,sharpe_ratio,max_drawdown,win_rate,profit_factor,total_trades,avg_win,avg_loss,timestamp
multi_indicator,12,24,9,14,30,75,20,2.0,1.2,9774.54,-2.25,-15.909,-2.25,33.33,2.566,15,2.2,-0.86,2025-07-22T21:29:24.438135
multi_indicator,12,24,9,14,30,75,20,2.0,1.0,9774.54,-2.25,-15.909,-2.25,33.33,2.566,15,2.2,-0.86,2025-07-22T21:29:24.329136
multi_indicator,12,24,9,16,25,70,20,2.0,1.0,9774.54,-2.25,-15.909,-2.25,33.33,2.566,15,2.2,-0.86,2025-07-22T21:29:25.251186
multi_indicator,12,24,9,16,25,70,20,2.0,1.2,9774.54,-2.25,-15.909,-2.25,33.33,2.566,15,2.2,-0.86,2025-07-22T21:29:25.378284
multi_indicator,12,24,9,16,25,75,20,2.0,1.0,9774.54,-2.25,-15.909,-2.25,33.33,2.566,15,2.2,-0.86,2025-07-22T21:29:26.212871
multi_indicator,12,24,9,16,25,75,20,2.0,1.2,9774.54,-2.25,-15.909,-2.25,33.33,2.566,15,2.2,-0.86,2025-07-22T21:29:26.342023
multi_indicator,12,24,9,14,30,70,20,2.0,1.2,9774.54,-2.25,-15.909,-2.25,33.33,2.566,15,2.2,-0.86,2025-07-22T21:29:23.530531
multi_indicator,12,24,9,14,30,70,20,2.0,1.0,9774.54,-2.25,-15.909,-2.25,33.33,2.566,15,2.2,-0.86,2025-07-22T21:29:23.423923
multi_indicator,12,24,9,16,30,75,20,2.0,1.2,9774.54,-2.25,-15.909,-2.25,33.33,2.566,15,2.2,-0.86,2025-07-22T21:29:28.256489
multi_indicator,12,24,9,16,30,75,20,2.0,1.0,9774.54,-2.25,-15.909,-2.25,33.33,2.566,15,2.2,-0.86,2025-07-22T21:29:28.131852
multi_indicator,12,24,9,16,30,70,20,2.0,1.0,9774.54,-2.25,-15.909,-2.25,33.33,2.566,15,2.2,-0.86,2025-07-22T21:29:27.136975
multi_indicator,12,24,9,16,30,70,20,2.0,1.2,9774.54,-2.25,-15.909,-2.25,33.33,2.566,15,2.2,-0.86,2025-07-22T21:29:27.322817
multi_indicator,12,24,9,14,25,75,20,2.0,1.2,9774.54,-2.25,-15.909,-2.25,33.33,2.566,15,2.2,-0.86,2025-07-22T21:29:22.598164
multi_indicator,12,24,9,14,25,75,20,2.0,1.0,9774.54,-2.25,-15.909,-2.25,33.33,2.566,15,2.2,-0.86,2025-07-22T21:29:22.494467
multi_indicator,12,24,9,14,25,70,20,2.0,1.2,9774.54,-2.25,-15.909,-2.25,33.33,2.566,15,2.2,-0.86,2025-07-22T21:29:21.752742
multi_indicator,12,24,9,14,25,70,20,2.0,1.0,9774.54,-2.25,-15.909,-2.25,33.33,2.566,15,2.2,-0.86,2025-07-22T21:29:21.646125
multi_indicator,12,24,9,14,25,70,20,1.8,1.2,9774.25,-2.26,-15.925,-2.26,33.33,2.527,15,2.16,-0.86,2025-07-22T21:29:21.535256
multi_indicator,12,24,9,14,25,70,20,1.8,1.0,9774.25,-2.26,-15.925,-2.26,33.33,2.527,15,2.16,-0.86,2025-07-22T21:29:21.433594
multi_indicator,12,24,9,14,25,75,20,1.8,1.2,9774.25,-2.26,-15.925,-2.26,33.33,2.527,15,2.16,-0.86,2025-07-22T21:29:22.385666
multi_indicator,12,24,9,14,25,75,20,1.8,1.0,9774.25,-2.26,-15.925,-2.26,33.33,2.527,15,2.16,-0.86,2025-07-22T21:29:22.285315
multi_indicator,12,24,9,16,30,70,20,1.8,1.0,9774.25,-2.26,-15.925,-2.26,33.33,2.527,15,2.16,-0.86,2025-07-22T21:29:26.915623
multi_indicator,12,24,9,16,30,70,20,1.8,1.2,9774.25,-2.26,-15.925,-2.26,33.33,2.527,15,2.16,-0.86,2025-07-22T21:29:27.023822
multi_indicator,12,24,9,14,30,75,20,1.8,1.0,9774.25,-2.26,-15.925,-2.26,33.33,2.527,15,2.16,-0.86,2025-07-22T21:29:24.091421
multi_indicator,12,24,9,14,30,75,20,1.8,1.2,9774.25,-2.26,-15.925,-2.26,33.33,2.527,15,2.16,-0.86,2025-07-22T21:29:24.206481
multi_indicator,12,24,9,16,25,70,20,1.8,1.0,9774.25,-2.26,-15.925,-2.26,33.33,2.527,15,2.16,-0.86,2025-07-22T21:29:25.018782
multi_indicator,12,24,9,16,25,70,20,1.8,1.2,9774.25,-2.26,-15.925,-2.26,33.33,2.527,15,2.16,-0.86,2025-07-22T21:29:25.137882
multi_indicator,12,24,9,16,25,75,20,1.8,1.2,9774.25,-2.26,-15.925,-2.26,33.33,2.527,15,2.16,-0.86,2025-07-22T21:29:26.100435
multi_indicator,12,24,9,16,25,75,20,1.8,1.0,9774.25,-2.26,-15.925,-2.26,33.33,2.527,15,2.16,-0.86,2025-07-22T21:29:25.979089
multi_indicator,12,24,9,16,30,75,20,1.8,1.0,9774.25,-2.26,-15.925,-2.26,33.33,2.527,15,2.16,-0.86,2025-07-22T21:29:27.901684
multi_indicator,12,24,9,16,30,75,20,1.8,1.2,9774.25,-2.26,-15.925,-2.26,33.33,2.527,15,2.16,-0.86,2025-07-22T21:29:28.023364
multi_indicator,12,24,9,14,30,70,20,1.8,1.0,9774.25,-2.26,-15.925,-2.26,33.33,2.527,15,2.16,-0.86,2025-07-22T21:29:23.177206
multi_indicator,12,24,9,14,30,70,20,1.8,1.2,9774.25,-2.26,-15.925,-2.26,33.33,2.527,15,2.16,-0.86,2025-07-22T21:29:23.295631
multi_indicator,10,24,9,14,30,75,20,1.8,1.0,9758.71,-2.41,-16.513,-2.41,31.25,2.626,16,2.16,-0.82,2025-07-22T21:28:57.398449
multi_indicator,10,24,9,14,30,75,20,1.8,1.2,9758.71,-2.41,-16.513,-2.41,31.25,2.626,16,2.16,-0.82,2025-07-22T21:28:57.511184
multi_indicator,10,24,9,14,30,75,20,2.0,1.0,9758.71,-2.41,-16.513,-2.41,31.25,2.626,16,2.16,-0.82,2025-07-22T21:28:57.651477
multi_indicator,10,24,9,14,30,75,20,2.0,1.2,9758.71,-2.41,-16.513,-2.41,31.25,2.626,16,2.16,-0.82,2025-07-22T21:28:57.782401
multi_indicator,10,24,9,14,30,70,20,1.8,1.0,9758.71,-2.41,-16.513,-2.41,31.25,2.626,16,2.16,-0.82,2025-07-22T21:28:56.423703
multi_indicator,10,24,9,14,30,70,20,1.8,1.2,9758.71,-2.41,-16.513,-2.41,31.25,2.626,16,2.16,-0.82,2025-07-22T21:28:56.547456
multi_indicator,10,24,9,14,30,70,20,2.0,1.0,9758.71,-2.41,-16.513,-2.41,31.25,2.626,16,2.16,-0.82,2025-07-22T21:28:56.681662
multi_indicator,10,24,9,14,30,70,20,2.0,1.2,9758.71,-2.41,-16.513,-2.41,31.25,2.626,16,2.16,-0.82,2025-07-22T21:28:56.798267
multi_indicator,10,24,9,16,30,75,20,1.8,1.0,9758.71,-2.41,-16.513,-2.41,31.25,2.626,16,2.16,-0.82,2025-07-22T21:29:01.234471
multi_indicator,10,24,9,16,30,75,20,1.8,1.2,9758.71,-2.41,-16.513,-2.41,31.25,2.626,16,2.16,-0.82,2025-07-22T21:29:01.365922
multi_indicator,10,24,9,16,30,75,20,2.0,1.0,9758.71,-2.41,-16.513,-2.41,31.25,2.626,16,2.16,-0.82,2025-07-22T21:29:01.492687
multi_indicator,10,24,9,16,30,75,20,2.0,1.2,9758.71,-2.41,-16.513,-2.41,31.25,2.626,16,2.16,-0.82,2025-07-22T21:29:01.606580
multi_indicator,10,24,9,16,30,70,20,1.8,1.0,9758.71,-2.41,-16.513,-2.41,31.25,2.626,16,2.16,-0.82,2025-07-22T21:29:00.286475
multi_indicator,10,24,9,16,30,70,20,1.8,1.2,9758.71,-2.41,-16.513,-2.41,31.25,2.626,16,2.16,-0.82,2025-07-22T21:29:00.396528
multi_indicator,10,24,9,16,30,70,20,2.0,1.0,9758.71,-2.41,-16.513,-2.41,31.25,2.626,16,2.16,-0.82,2025-07-22T21:29:00.519669
multi_indicator,10,24,9,16,30,70,20,2.0,1.2,9758.71,-2.41,-16.513,-2.41,31.25,2.626,16,2.16,-0.82,2025-07-22T21:29:00.634284
multi_indicator,10,24,9,14,25,75,20,1.8,1.0,9758.71,-2.41,-16.513,-2.41,31.25,2.626,16,2.16,-0.82,2025-07-22T21:28:55.473143
multi_indicator,10,24,9,14,25,75,20,1.8,1.2,9758.71,-2.41,-16.513,-2.41,31.25,2.626,16,2.16,-0.82,2025-07-22T21:28:55.566696
multi_indicator,10,24,9,14,25,75,20,2.0,1.0,9758.71,-2.41,-16.513,-2.41,31.25,2.626,16,2.16,-0.82,2025-07-22T21:28:55.663475
multi_indicator,10,24,9,14,25,75,20,2.0,1.2,9758.71,-2.41,-16.513,-2.41,31.25,2.626,16,2.16,-0.82,2025-07-22T21:28:55.757931
multi_indicator,10,24,9,14,25,70,20,2.0,1.2,9758.71,-2.41,-16.513,-2.41,31.25,2.626,16,2.16,-0.82,2025-07-22T21:28:54.979407
multi_indicator,10,24,9,14,25,70,20,2.0,1.0,9758.71,-2.41,-16.513,-2.41,31.25,2.626,16,2.16,-0.82,2025-07-22T21:28:54.874663
multi_indicator,10,24,9,14,25,70,20,1.8,1.2,9758.71,-2.41,-16.513,-2.41,31.25,2.626,16,2.16,-0.82,2025-07-22T21:28:54.770210
multi_indicator,10,24,9,14,25,70,20,1.8,1.0,9758.71,-2.41,-16.513,-2.41,31.25,2.626,16,2.16,-0.82,2025-07-22T21:28:54.669253
multi_indicator,10,24,9,16,25,75,20,2.0,1.2,9758.71,-2.41,-16.513,-2.41,31.25,2.626,16,2.16,-0.82,2025-07-22T21:28:59.697612
multi_indicator,10,24,9,16,25,75,20,2.0,1.0,9758.71,-2.41,-16.513,-2.41,31.25,2.626,16,2.16,-0.82,2025-07-22T21:28:59.578591
multi_indicator,10,24,9,16,25,75,20,1.8,1.2,9758.71,-2.41,-16.513,-2.41,31.25,2.626,16,2.16,-0.82,2025-07-22T21:28:59.475087
multi_indicator,10,24,9,16,25,75,20,1.8,1.0,9758.71,-2.41,-16.513,-2.41,31.25,2.626,16,2.16,-0.82,2025-07-22T21:28:59.351489
multi_indicator,10,24,9,16,25,70,20,2.0,1.2,9758.71,-2.41,-16.513,-2.41,31.25,2.626,16,2.16,-0.82,2025-07-22T21:28:58.764065
multi_indicator,10,24,9,16,25,70,20,2.0,1.0,9758.71,-2.41,-16.513,-2.41,31.25,2.626,16,2.16,-0.82,2025-07-22T21:28:58.640239
multi_indicator,10,24,9,16,25,70,20,1.8,1.2,9758.71,-2.41,-16.513,-2.41,31.25,2.626,16,2.16,-0.82,2025-07-22T21:28:58.524137
multi_indicator,10,24,9,16,25,70,20,1.8,1.0,9758.71,-2.41,-16.513,-2.41,31.25,2.626,16,2.16,-0.82,2025-07-22T21:28:58.399563
multi_indicator,10,26,9,16,30,70,20,2.0,1.0,9743.82,-2.56,-17.054,-2.56,29.41,2.814,17,2.19,-0.78,2025-07-22T21:29:13.897237
multi_indicator,10,26,9,16,30,70,20,2.0,1.2,9743.82,-2.56,-17.054,-2.56,29.41,2.814,17,2.19,-0.78,2025-07-22T21:29:13.996224
multi_indicator,10,26,9,16,30,75,20,2.0,1.0,9743.82,-2.56,-17.054,-2.56,29.41,2.814,17,2.19,-0.78,2025-07-22T21:29:14.664737
multi_indicator,10,26,9,16,30,75,20,2.0,1.2,9743.82,-2.56,-17.054,-2.56,29.41,2.814,17,2.19,-0.78,2025-07-22T21:29:14.754065
multi_indicator,10,26,9,16,25,75,20,2.0,1.0,9743.82,-2.56,-17.054,-2.56,29.41,2.814,17,2.19,-0.78,2025-07-22T21:29:13.095984
multi_indicator,10,26,9,16,25,75,20,2.0,1.2,9743.82,-2.56,-17.054,-2.56,29.41,2.814,17,2.19,-0.78,2025-07-22T21:29:13.188790
multi_indicator,10,26,9,16,25,70,20,2.0,1.0,9743.82,-2.56,-17.054,-2.56,29.41,2.814,17,2.19,-0.78,2025-07-22T21:29:12.311087
multi_indicator,10,26,9,16,25,70,20,2.0,1.2,9743.82,-2.56,-17.054,-2.56,29.41,2.814,17,2.19,-0.78,2025-07-22T21:29:12.404697
multi_indicator,10,26,9,14,30,70,20,2.0,1.0,9743.82,-2.56,-17.054,-2.56,29.41,2.814,17,2.19,-0.78,2025-07-22T21:29:10.766448
multi_indicator,10,26,9,14,30,70,20,2.0,1.2,9743.82,-2.56,-17.054,-2.56,29.41,2.814,17,2.19,-0.78,2025-07-22T21:29:10.876018
multi_indicator,10,26,9,14,30,75,20,2.0,1.0,9743.82,-2.56,-17.054,-2.56,29.41,2.814,17,2.19,-0.78,2025-07-22T21:29:11.532868
multi_indicator,10,26,9,14,30,75,20,2.0,1.2,9743.82,-2.56,-17.054,-2.56,29.41,2.814,17,2.19,-0.78,2025-07-22T21:29:11.632600
multi_indicator,10,26,9,14,25,70,20,2.0,1.2,9743.82,-2.56,-17.054,-2.56,29.41,2.814,17,2.19,-0.78,2025-07-22T21:29:09.316018
multi_indicator,10,26,9,14,25,70,20,2.0,1.0,9743.82,-2.56,-17.054,-2.56,29.41,2.814,17,2.19,-0.78,2025-07-22T21:29:09.209667
multi_indicator,10,26,9,14,25,75,20,2.0,1.2,9743.82,-2.56,-17.054,-2.56,29.41,2.814,17,2.19,-0.78,2025-07-22T21:29:10.079165
multi_indicator,10,26,9,14,25,75,20,2.0,1.0,9743.82,-2.56,-17.054,-2.56,29.41,2.814,17,2.19,-0.78,2025-07-22T21:29:09.991793
multi_indicator,12,26,7,16,25,70,20,2.0,1.2,9743.78,-2.56,-17.056,-2.56,29.41,2.81,17,2.19,-0.78,2025-07-22T21:29:33.088313
multi_indicator,12,26,7,16,25,70,20,2.0,1.0,9743.78,-2.56,-17.056,-2.56,29.41,2.81,17,2.19,-0.78,2025-07-22T21:29:32.962368
multi_indicator,12,26,7,16,25,75,20,2.0,1.2,9743.78,-2.56,-17.056,-2.56,29.41,2.81,17,2.19,-0.78,2025-07-22T21:29:34.044837
multi_indicator,12,26,7,16,25,75,20,2.0,1.0,9743.78,-2.56,-17.056,-2.56,29.41,2.81,17,2.19,-0.78,2025-07-22T21:29:33.928263
multi_indicator,12,26,7,14,30,75,20,2.0,1.0,9743.78,-2.56,-17.056,-2.56,29.41,2.81,17,2.19,-0.78,2025-07-22T21:29:31.985988
multi_indicator,12,26,7,14,30,75,20,2.0,1.2,9743.78,-2.56,-17.056,-2.56,29.41,2.81,17,2.19,-0.78,2025-07-22T21:29:32.102994
multi_indicator,12,26,7,14,30,70,20,2.0,1.0,9743.78,-2.56,-17.056,-2.56,29.41,2.81,17,2.19,-0.78,2025-07-22T21:29:31.007200
multi_indicator,12,26,7,14,30,70,20,2.0,1.2,9743.78,-2.56,-17.056,-2.56,29.41,2.81,17,2.19,-0.78,2025-07-22T21:29:31.119912
multi_indicator,12,26,7,14,25,70,20,2.0,1.2,9743.78,-2.56,-17.056,-2.56,29.41,2.81,17,2.19,-0.78,2025-07-22T21:29:29.228441
multi_indicator,12,26,7,14,25,70,20,2.0,1.0,9743.78,-2.56,-17.056,-2.56,29.41,2.81,17,2.19,-0.78,2025-07-22T21:29:29.098426
multi_indicator,12,26,7,14,25,75,20,2.0,1.2,9743.78,-2.56,-17.056,-2.56,29.41,2.81,17,2.19,-0.78,2025-07-22T21:29:30.185999
multi_indicator,12,26,7,14,25,75,20,2.0,1.0,9743.78,-2.56,-17.056,-2.56,29.41,2.81,17,2.19,-0.78,2025-07-22T21:29:30.070508
multi_indicator,12,26,7,16,30,75,20,2.0,1.0,9743.78,-2.56,-17.056,-2.56,29.41,2.81,17,2.19,-0.78,2025-07-22T21:29:35.770125
multi_indicator,12,26,7,16,30,75,20,2.0,1.2,9743.78,-2.56,-17.056,-2.56,29.41,2.81,17,2.19,-0.78,2025-07-22T21:29:35.875115
multi_indicator,12,26,7,16,30,70,20,2.0,1.0,9743.78,-2.56,-17.056,-2.56,29.41,2.81,17,2.19,-0.78,2025-07-22T21:29:34.878613
multi_indicator,12,26,7,16,30,70,20,2.0,1.2,9743.78,-2.56,-17.056,-2.56,29.41,2.81,17,2.19,-0.78,2025-07-22T21:29:34.988845
multi_indicator,12,24,7,16,25,75,20,1.8,1.2,9742.41,-2.58,-17.064,-2.58,29.41,2.593,17,2.16,-0.83,2025-07-22T21:29:19.119436
multi_indicator,12,24,7,16,25,75,20,1.8,1.0,9742.41,-2.58,-17.064,-2.58,29.41,2.593,17,2.16,-0.83,2025-07-22T21:29:19.034886
multi_indicator,12,24,7,16,30,70,20,2.0,1.2,9742.41,-2.58,-17.064,-2.58,29.41,2.593,17,2.16,-0.83,2025-07-22T21:29:20.078444
multi_indicator,12,24,7,16,30,70,20,2.0,1.0,9742.41,-2.58,-17.064,-2.58,29.41,2.593,17,2.16,-0.83,2025-07-22T21:29:19.963866
multi_indicator,12,24,7,16,30,70,20,1.8,1.2,9742.41,-2.58,-17.064,-2.58,29.41,2.593,17,2.16,-0.83,2025-07-22T21:29:19.865513
multi_indicator,12,24,7,16,30,70,20,1.8,1.0,9742.41,-2.58,-17.064,-2.58,29.41,2.593,17,2.16,-0.83,2025-07-22T21:29:19.766565
multi_indicator,12,24,7,16,25,70,20,2.0,1.2,9742.41,-2.58,-17.064,-2.58,29.41,2.593,17,2.16,-0.83,2025-07-22T21:29:18.589364
multi_indicator,12,24,7,16,25,70,20,2.0,1.0,9742.41,-2.58,-17.064,-2.58,29.41,2.593,17,2.16,-0.83,2025-07-22T21:29:18.490212
multi_indicator,12,24,7,16,25,70,20,1.8,1.2,9742.41,-2.58,-17.064,-2.58,29.41,2.593,17,2.16,-0.83,2025-07-22T21:29:18.384278
multi_indicator,12,24,7,16,25,70,20,1.8,1.0,9742.41,-2.58,-17.064,-2.58,29.41,2.593,17,2.16,-0.83,2025-07-22T21:29:18.290214
multi_indicator,12,24,7,16,25,75,20,2.0,1.2,9742.41,-2.58,-17.064,-2.58,29.41,2.593,17,2.16,-0.83,2025-07-22T21:29:19.299642
multi_indicator,12,24,7,16,25,75,20,2.0,1.0,9742.41,-2.58,-17.064,-2.58,29.41,2.593,17,2.16,-0.83,2025-07-22T21:29:19.215441
multi_indicator,12,24,7,14,30,75,20,1.8,1.0,9742.41,-2.58,-17.064,-2.58,29.41,2.593,17,2.16,-0.83,2025-07-22T21:29:17.472278
multi_indicator,12,24,7,14,30,75,20,1.8,1.2,9742.41,-2.58,-17.064,-2.58,29.41,2.593,17,2.16,-0.83,2025-07-22T21:29:17.558825
multi_indicator,12,24,7,14,30,75,20,2.0,1.0,9742.41,-2.58,-17.064,-2.58,29.41,2.593,17,2.16,-0.83,2025-07-22T21:29:17.648729
multi_indicator,12,24,7,14,30,75,20,2.0,1.2,9742.41,-2.58,-17.064,-2.58,29.41,2.593,17,2.16,-0.83,2025-07-22T21:29:17.733660
multi_indicator,12,24,7,16,30,75,20,1.8,1.0,9742.41,-2.58,-17.064,-2.58,29.41,2.593,17,2.16,-0.83,2025-07-22T21:29:20.620429
multi_indicator,12,24,7,16,30,75,20,1.8,1.2,9742.41,-2.58,-17.064,-2.58,29.41,2.593,17,2.16,-0.83,2025-07-22T21:29:20.722317
multi_indicator,12,24,7,16,30,75,20,2.0,1.0,9742.41,-2.58,-17.064,-2.58,29.41,2.593,17,2.16,-0.83,2025-07-22T21:29:20.819958
multi_indicator,12,24,7,16,30,75,20,2.0,1.2,9742.41,-2.58,-17.064,-2.58,29.41,2.593,17,2.16,-0.83,2025-07-22T21:29:20.922164
multi_indicator,12,24,7,14,25,70,20,1.8,1.2,9742.41,-2.58,-17.064,-2.58,29.41,2.593,17,2.16,-0.83,2025-07-22T21:29:15.336708
multi_indicator,12,24,7,14,25,70,20,1.8,1.0,9742.41,-2.58,-17.064,-2.58,29.41,2.593,17,2.16,-0.83,2025-07-22T21:29:15.240993
multi_indicator,12,24,7,14,25,75,20,2.0,1.2,9742.41,-2.58,-17.064,-2.58,29.41,2.593,17,2.16,-0.83,2025-07-22T21:29:16.253601
multi_indicator,12,24,7,14,25,75,20,2.0,1.0,9742.41,-2.58,-17.064,-2.58,29.41,2.593,17,2.16,-0.83,2025-07-22T21:29:16.160481
multi_indicator,12,24,7,14,25,75,20,1.8,1.2,9742.41,-2.58,-17.064,-2.58,29.41,2.593,17,2.16,-0.83,2025-07-22T21:29:16.072487
multi_indicator,12,24,7,14,25,75,20,1.8,1.0,9742.41,-2.58,-17.064,-2.58,29.41,2.593,17,2.16,-0.83,2025-07-22T21:29:15.974266
multi_indicator,12,24,7,14,30,70,20,2.0,1.2,9742.41,-2.58,-17.064,-2.58,29.41,2.593,17,2.16,-0.83,2025-07-22T21:29:17.002420
multi_indicator,12,24,7,14,30,70,20,2.0,1.0,9742.41,-2.58,-17.064,-2.58,29.41,2.593,17,2.16,-0.83,2025-07-22T21:29:16.919984
multi_indicator,12,24,7,14,30,70,20,1.8,1.2,9742.41,-2.58,-17.064,-2.58,29.41,2.593,17,2.16,-0.83,2025-07-22T21:29:16.827275
multi_indicator,12,24,7,14,30,70,20,1.8,1.0,9742.41,-2.58,-17.064,-2.58,29.41,2.593,17,2.16,-0.83,2025-07-22T21:29:16.734218
multi_indicator,12,24,7,14,25,70,20,2.0,1.2,9742.41,-2.58,-17.064,-2.58,29.41,2.593,17,2.16,-0.83,2025-07-22T21:29:15.519593
multi_indicator,12,24,7,14,25,70,20,2.0,1.0,9742.41,-2.58,-17.064,-2.58,29.41,2.593,17,2.16,-0.83,2025-07-22T21:29:15.427626
multi_indicator,10,26,9,14,25,70,20,1.8,1.2,9743.53,-2.56,-17.068,-2.56,29.41,2.772,17,2.16,-0.78,2025-07-22T21:29:09.111370
multi_indicator,10,26,9,14,25,70,20,1.8,1.0,9743.53,-2.56,-17.068,-2.56,29.41,2.772,17,2.16,-0.78,2025-07-22T21:29:09.015376
multi_indicator,10,26,9,16,30,75,20,1.8,1.0,9743.53,-2.56,-17.068,-2.56,29.41,2.772,17,2.16,-0.78,2025-07-22T21:29:14.482694
multi_indicator,10,26,9,16,30,75,20,1.8,1.2,9743.53,-2.56,-17.068,-2.56,29.41,2.772,17,2.16,-0.78,2025-07-22T21:29:14.572114
multi_indicator,10,26,9,16,25,75,20,1.8,1.2,9743.53,-2.56,-17.068,-2.56,29.41,2.772,17,2.16,-0.78,2025-07-22T21:29:12.984267
multi_indicator,10,26,9,16,25,75,20,1.8,1.0,9743.53,-2.56,-17.068,-2.56,29.41,2.772,17,2.16,-0.78,2025-07-22T21:29:12.875998
multi_indicator,10,26,9,16,30,70,20,1.8,1.0,9743.53,-2.56,-17.068,-2.56,29.41,2.772,17,2.16,-0.78,2025-07-22T21:29:13.700017
multi_indicator,10,26,9,16,30,70,20,1.8,1.2,9743.53,-2.56,-17.068,-2.56,29.41,2.772,17,2.16,-0.78,2025-07-22T21:29:13.802462
multi_indicator,10,26,9,16,25,70,20,1.8,1.0,9743.53,-2.56,-17.068,-2.56,29.41,2.772,17,2.16,-0.78,2025-07-22T21:29:12.074900
multi_indicator,10,26,9,16,25,70,20,1.8,1.2,9743.53,-2.56,-17.068,-2.56,29.41,2.772,17,2.16,-0.78,2025-07-22T21:29:12.195045
multi_indicator,10,26,9,14,30,70,20,1.8,1.2,9743.53,-2.56,-17.068,-2.56,29.41,2.772,17,2.16,-0.78,2025-07-22T21:29:10.655625
multi_indicator,10,26,9,14,30,70,20,1.8,1.0,9743.53,-2.56,-17.068,-2.56,29.41,2.772,17,2.16,-0.78,2025-07-22T21:29:10.568635
multi_indicator,10,26,9,14,30,75,20,1.8,1.2,9743.53,-2.56,-17.068,-2.56,29.41,2.772,17,2.16,-0.78,2025-07-22T21:29:11.438881
multi_indicator,10,26,9,14,30,75,20,1.8,1.0,9743.53,-2.56,-17.068,-2.56,29.41,2.772,17,2.16,-0.78,2025-07-22T21:29:11.342754
multi_indicator,10,26,9,14,25,75,20,1.8,1.0,9743.53,-2.56,-17.068,-2.56,29.41,2.772,17,2.16,-0.78,2025-07-22T21:29:09.811458
multi_indicator,10,26,9,14,25,75,20,1.8,1.2,9743.53,-2.56,-17.068,-2.56,29.41,2.772,17,2.16,-0.78,2025-07-22T21:29:09.901693
multi_indicator,12,26,7,16,25,70,20,1.8,1.2,9743.49,-2.57,-17.07,-2.57,29.41,2.768,17,2.16,-0.78,2025-07-22T21:29:32.838239
multi_indicator,12,26,7,16,25,70,20,1.8,1.0,9743.49,-2.57,-17.07,-2.57,29.41,2.768,17,2.16,-0.78,2025-07-22T21:29:32.717929
multi_indicator,12,26,7,16,25,75,20,1.8,1.2,9743.49,-2.57,-17.07,-2.57,29.41,2.768,17,2.16,-0.78,2025-07-22T21:29:33.814681
multi_indicator,12,26,7,16,25,75,20,1.8,1.0,9743.49,-2.57,-17.07,-2.57,29.41,2.768,17,2.16,-0.78,2025-07-22T21:29:33.696812
multi_indicator,12,26,7,16,30,70,20,1.8,1.2,9743.49,-2.57,-17.07,-2.57,29.41,2.768,17,2.16,-0.78,2025-07-22T21:29:34.755507
multi_indicator,12,26,7,16,30,70,20,1.8,1.0,9743.49,-2.57,-17.07,-2.57,29.41,2.768,17,2.16,-0.78,2025-07-22T21:29:34.641173
multi_indicator,12,26,7,16,30,75,20,1.8,1.2,9743.49,-2.57,-17.07,-2.57,29.41,2.768,17,2.16,-0.78,2025-07-22T21:29:35.661819
multi_indicator,12,26,7,16,30,75,20,1.8,1.0,9743.49,-2.57,-17.07,-2.57,29.41,2.768,17,2.16,-0.78,2025-07-22T21:29:35.547753
multi_indicator,12,26,7,14,25,75,20,1.8,1.0,9743.49,-2.57,-17.07,-2.57,29.41,2.768,17,2.16,-0.78,2025-07-22T21:29:29.827656
multi_indicator,12,26,7,14,25,75,20,1.8,1.2,9743.49,-2.57,-17.07,-2.57,29.41,2.768,17,2.16,-0.78,2025-07-22T21:29:29.941499
multi_indicator,12,26,7,14,25,70,20,1.8,1.0,9743.49,-2.57,-17.07,-2.57,29.41,2.768,17,2.16,-0.78,2025-07-22T21:29:28.865371
multi_indicator,12,26,7,14,25,70,20,1.8,1.2,9743.49,-2.57,-17.07,-2.57,29.41,2.768,17,2.16,-0.78,2025-07-22T21:29:28.983222
multi_indicator,12,26,7,14,30,75,20,1.8,1.0,9743.49,-2.57,-17.07,-2.57,29.41,2.768,17,2.16,-0.78,2025-07-22T21:29:31.735617
multi_indicator,12,26,7,14,30,75,20,1.8,1.2,9743.49,-2.57,-17.07,-2.57,29.41,2.768,17,2.16,-0.78,2025-07-22T21:29:31.868147
multi_indicator,12,26,7,14,30,70,20,1.8,1.0,9743.49,-2.57,-17.07,-2.57,29.41,2.768,17,2.16,-0.78,2025-07-22T21:29:30.791159
multi_indicator,12,26,7,14,30,70,20,1.8,1.2,9743.49,-2.57,-17.07,-2.57,29.41,2.768,17,2.16,-0.78,2025-07-22T21:29:30.902518
multi_indicator,12,26,9,16,25,70,20,2.0,1.0,9729.05,-2.71,-17.073,-2.71,38.89,1.792,18,1.65,-0.92,2025-07-22T21:29:40.215909
multi_indicator,12,26,9,16,25,70,20,2.0,1.2,9729.05,-2.71,-17.073,-2.71,38.89,1.792,18,1.65,-0.92,2025-07-22T21:29:40.314298
multi_indicator,12,26,9,16,25,75,20,2.0,1.0,9729.05,-2.71,-17.073,-2.71,38.89,1.792,18,1.65,-0.92,2025-07-22T21:29:41.046653
multi_indicator,12,26,9,16,25,75,20,2.0,1.2,9729.05,-2.71,-17.073,-2.71,38.89,1.792,18,1.65,-0.92,2025-07-22T21:29:41.166642
multi_indicator,12,26,9,16,30,75,20,1.8,1.0,9729.05,-2.71,-17.073,-2.71,38.89,1.792,18,1.65,-0.92,2025-07-22T21:29:42.473836
multi_indicator,12,26,9,16,30,75,20,1.8,1.2,9729.05,-2.71,-17.073,-2.71,38.89,1.792,18,1.65,-0.92,2025-07-22T21:29:42.566368
multi_indicator,12,26,9,16,30,75,20,2.0,1.0,9729.05,-2.71,-17.073,-2.71,38.89,1.792,18,1.65,-0.92,2025-07-22T21:29:42.663874
multi_indicator,12,26,9,16,30,75,20,2.0,1.2,9729.05,-2.71,-17.073,-2.71,38.89,1.792,18,1.65,-0.92,2025-07-22T21:29:42.753780
multi_indicator,12,26,9,14,25,75,20,1.8,1.0,9729.05,-2.71,-17.073,-2.71,38.89,1.792,18,1.65,-0.92,2025-07-22T21:29:37.354856
multi_indicator,12,26,9,14,25,75,20,1.8,1.2,9729.05,-2.71,-17.073,-2.71,38.89,1.792,18,1.65,-0.92,2025-07-22T21:29:37.470011
multi_indicator,12,26,9,14,25,75,20,2.0,1.0,9729.05,-2.71,-17.073,-2.71,38.89,1.792,18,1.65,-0.92,2025-07-22T21:29:37.576638
multi_indicator,12,26,9,14,25,75,20,2.0,1.2,9729.05,-2.71,-17.073,-2.71,38.89,1.792,18,1.65,-0.92,2025-07-22T21:29:37.682939
multi_indicator,12,26,9,14,25,70,20,1.8,1.0,9729.05,-2.71,-17.073,-2.71,38.89,1.792,18,1.65,-0.92,2025-07-22T21:29:36.435905
multi_indicator,12,26,9,14,25,70,20,1.8,1.2,9729.05,-2.71,-17.073,-2.71,38.89,1.792,18,1.65,-0.92,2025-07-22T21:29:36.537813
multi_indicator,12,26,9,14,25,70,20,2.0,1.0,9729.05,-2.71,-17.073,-2.71,38.89,1.792,18,1.65,-0.92,2025-07-22T21:29:36.652923
multi_indicator,12,26,9,14,25,70,20,2.0,1.2,9729.05,-2.71,-17.073,-2.71,38.89,1.792,18,1.65,-0.92,2025-07-22T21:29:36.774259
multi_indicator,12,26,9,14,30,70,20,2.0,1.2,9729.05,-2.71,-17.073,-2.71,38.89,1.792,18,1.65,-0.92,2025-07-22T21:29:38.613641
multi_indicator,12,26,9,14,30,70,20,2.0,1.0,9729.05,-2.71,-17.073,-2.71,38.89,1.792,18,1.65,-0.92,2025-07-22T21:29:38.507210
multi_indicator,12,26,9,14,30,70,20,1.8,1.2,9729.05,-2.71,-17.073,-2.71,38.89,1.792,18,1.65,-0.92,2025-07-22T21:29:38.392875
multi_indicator,12,26,9,14,30,70,20,1.8,1.0,9729.05,-2.71,-17.073,-2.71,38.89,1.792,18,1.65,-0.92,2025-07-22T21:29:38.267215
multi_indicator,12,26,9,14,30,75,20,2.0,1.2,9729.05,-2.71,-17.073,-2.71,38.89,1.792,18,1.65,-0.92,2025-07-22T21:29:39.457345
multi_indicator,12,26,9,14,30,75,20,2.0,1.0,9729.05,-2.71,-17.073,-2.71,38.89,1.792,18,1.65,-0.92,2025-07-22T21:29:39.353616
multi_indicator,12,26,9,14,30,75,20,1.8,1.2,9729.05,-2.71,-17.073,-2.71,38.89,1.792,18,1.65,-0.92,2025-07-22T21:29:39.257400
multi_indicator,12,26,9,14,30,75,20,1.8,1.0,9729.05,-2.71,-17.073,-2.71,38.89,1.792,18,1.65,-0.92,2025-07-22T21:29:39.150523
multi_indicator,12,26,9,16,25,70,20,1.8,1.0,9729.05,-2.71,-17.073,-2.71,38.89,1.792,18,1.65,-0.92,2025-07-22T21:29:39.998588
multi_indicator,12,26,9,16,25,70,20,1.8,1.2,9729.05,-2.71,-17.073,-2.71,38.89,1.792,18,1.65,-0.92,2025-07-22T21:29:40.100350
multi_indicator,12,26,9,16,30,70,20,2.0,1.0,9729.05,-2.71,-17.073,-2.71,38.89,1.792,18,1.65,-0.92,2025-07-22T21:29:41.887921
multi_indicator,12,26,9,16,30,70,20,2.0,1.2,9729.05,-2.71,-17.073,-2.71,38.89,1.792,18,1.65,-0.92,2025-07-22T21:29:41.982989
multi_indicator,12,26,9,16,25,75,20,1.8,1.0,9729.05,-2.71,-17.073,-2.71,38.89,1.792,18,1.65,-0.92,2025-07-22T21:29:40.860088
multi_indicator,12,26,9,16,25,75,20,1.8,1.2,9729.05,-2.71,-17.073,-2.71,38.89,1.792,18,1.65,-0.92,2025-07-22T21:29:40.953837
multi_indicator,12,26,9,16,30,70,20,1.8,1.0,9729.05,-2.71,-17.073,-2.71,38.89,1.792,18,1.65,-0.92,2025-07-22T21:29:41.694082
multi_indicator,12,26,9,16,30,70,20,1.8,1.2,9729.05,-2.71,-17.073,-2.71,38.89,1.792,18,1.65,-0.92,2025-07-22T21:29:41.788128
multi_indicator,10,24,9,16,25,75,18,2.0,1.0,9715.79,-2.84,-18.081,-2.84,36.84,2.072,19,1.79,-0.87,2025-07-22T21:28:59.119529
multi_indicator,10,24,9,16,25,75,18,2.0,1.2,9715.79,-2.84,-18.081,-2.84,36.84,2.072,19,1.79,-0.87,2025-07-22T21:28:59.232308
multi_indicator,10,24,9,16,25,70,18,2.0,1.0,9715.79,-2.84,-18.081,-2.84,36.84,2.072,19,1.79,-0.87,2025-07-22T21:28:58.147910
multi_indicator,10,24,9,16,25,70,18,2.0,1.2,9715.79,-2.84,-18.081,-2.84,36.84,2.072,19,1.79,-0.87,2025-07-22T21:28:58.278534
multi_indicator,10,24,9,14,25,70,18,2.0,1.0,9715.79,-2.84,-18.081,-2.84,36.84,2.072,19,1.79,-0.87,2025-07-22T21:28:54.453906
multi_indicator,10,24,9,14,25,70,18,2.0,1.2,9715.79,-2.84,-18.081,-2.84,36.84,2.072,19,1.79,-0.87,2025-07-22T21:28:54.563680
multi_indicator,10,24,9,16,30,75,18,2.0,1.2,9715.79,-2.84,-18.081,-2.84,36.84,2.072,19,1.79,-0.87,2025-07-22T21:29:01.109531
multi_indicator,10,24,9,16,30,75,18,2.0,1.0,9715.79,-2.84,-18.081,-2.84,36.84,2.072,19,1.79,-0.87,2025-07-22T21:29:00.985493
multi_indicator,10,24,9,14,30,75,18,2.0,1.2,9715.79,-2.84,-18.081,-2.84,36.84,2.072,19,1.79,-0.87,2025-07-22T21:28:57.282423
multi_indicator,10,24,9,14,30,75,18,2.0,1.0,9715.79,-2.84,-18.081,-2.84,36.84,2.072,19,1.79,-0.87,2025-07-22T21:28:57.161167
multi_indicator,10,24,9,16,30,70,18,2.0,1.2,9715.79,-2.84,-18.081,-2.84,36.84,2.072,19,1.79,-0.87,2025-07-22T21:29:00.174358
multi_indicator,10,24,9,16,30,70,18,2.0,1.0,9715.79,-2.84,-18.081,-2.84,36.84,2.072,19,1.79,-0.87,2025-07-22T21:29:00.054055
multi_indicator,10,24,9,14,30,70,18,2.0,1.0,9715.79,-2.84,-18.081,-2.84,36.84,2.072,19,1.79,-0.87,2025-07-22T21:28:56.124555
multi_indicator,10,24,9,14,30,70,18,2.0,1.2,9715.79,-2.84,-18.081,-2.84,36.84,2.072,19,1.79,-0.87,2025-07-22T21:28:56.244531
multi_indicator,10,24,9,14,25,75,18,2.0,1.0,9715.79,-2.84,-18.081,-2.84,36.84,2.072,19,1.79,-0.87,2025-07-22T21:28:55.282842
multi_indicator,10,24,9,14,25,75,18,2.0,1.2,9715.79,-2.84,-18.081,-2.84,36.84,2.072,19,1.79,-0.87,2025-07-22T21:28:55.377964
multi_indicator,10,24,9,16,30,75,18,1.8,1.0,9715.1,-2.85,-18.097,-2.85,36.84,2.008,19,1.74,-0.87,2025-07-22T21:29:00.755505
multi_indicator,10,24,9,16,30,75,18,1.8,1.2,9715.1,-2.85,-18.097,-2.85,36.84,2.008,19,1.74,-0.87,2025-07-22T21:29:00.869618
multi_indicator,10,24,9,16,30,70,18,1.8,1.2,9715.1,-2.85,-18.097,-2.85,36.84,2.008,19,1.74,-0.87,2025-07-22T21:28:59.939338
multi_indicator,10,24,9,16,30,70,18,1.8,1.0,9715.1,-2.85,-18.097,-2.85,36.84,2.008,19,1.74,-0.87,2025-07-22T21:28:59.825887
multi_indicator,10,24,9,14,25,70,18,1.8,1.2,9715.1,-2.85,-18.097,-2.85,36.84,2.008,19,1.74,-0.87,2025-07-22T21:28:54.350063
multi_indicator,10,24,9,14,25,70,18,1.8,1.0,9715.1,-2.85,-18.097,-2.85,36.84,2.008,19,1.74,-0.87,2025-07-22T21:28:54.249707
multi_indicator,10,24,9,16,25,70,18,1.8,1.0,9715.1,-2.85,-18.097,-2.85,36.84,2.008,19,1.74,-0.87,2025-07-22T21:28:57.911010
multi_indicator,10,24,9,16,25,70,18,1.8,1.2,9715.1,-2.85,-18.097,-2.85,36.84,2.008,19,1.74,-0.87,2025-07-22T21:28:58.033125
multi_indicator,10,24,9,16,25,75,18,1.8,1.0,9715.1,-2.85,-18.097,-2.85,36.84,2.008,19,1.74,-0.87,2025-07-22T21:28:58.882776
multi_indicator,10,24,9,16,25,75,18,1.8,1.2,9715.1,-2.85,-18.097,-2.85,36.84,2.008,19,1.74,-0.87,2025-07-22T21:28:58.999439
multi_indicator,10,24,9,14,25,75,18,1.8,1.0,9715.1,-2.85,-18.097,-2.85,36.84,2.008,19,1.74,-0.87,2025-07-22T21:28:55.085580
multi_indicator,10,24,9,14,25,75,18,1.8,1.2,9715.1,-2.85,-18.097,-2.85,36.84,2.008,19,1.74,-0.87,2025-07-22T21:28:55.187950
multi_indicator,10,24,9,14,30,70,18,1.8,1.0,9715.1,-2.85,-18.097,-2.85,36.84,2.008,19,1.74,-0.87,2025-07-22T21:28:55.882217
multi_indicator,10,24,9,14,30,70,18,1.8,1.2,9715.1,-2.85,-18.097,-2.85,36.84,2.008,19,1.74,-0.87,2025-07-22T21:28:55.999757
multi_indicator,10,24,9,14,30,75,18,1.8,1.2,9715.1,-2.85,-18.097,-2.85,36.84,2.008,19,1.74,-0.87,2025-07-22T21:28:57.036293
multi_indicator,10,24,9,14,30,75,18,1.8,1.0,9715.1,-2.85,-18.097,-2.85,36.84,2.008,19,1.74,-0.87,2025-07-22T21:28:56.921962
multi_indicator,12,24,9,16,30,70,18,2.0,1.2,9698.62,-3.01,-18.562,-3.01,35.0,1.928,20,1.8,-0.93,2025-07-22T21:29:26.801285
multi_indicator,12,24,9,16,30,70,18,2.0,1.0,9698.62,-3.01,-18.562,-3.01,35.0,1.928,20,1.8,-0.93,2025-07-22T21:29:26.686305
multi_indicator,12,24,9,14,30,75,18,2.0,1.0,9698.62,-3.01,-18.562,-3.01,35.0,1.928,20,1.8,-0.93,2025-07-22T21:29:23.860041
multi_indicator,12,24,9,14,30,75,18,2.0,1.2,9698.62,-3.01,-18.562,-3.01,35.0,1.928,20,1.8,-0.93,2025-07-22T21:29:23.983405
multi_indicator,12,24,9,14,30,70,18,2.0,1.2,9698.62,-3.01,-18.562,-3.01,35.0,1.928,20,1.8,-0.93,2025-07-22T21:29:23.058312
multi_indicator,12,24,9,14,30,70,18,2.0,1.0,9698.62,-3.01,-18.562,-3.01,35.0,1.928,20,1.8,-0.93,2025-07-22T21:29:22.901737
multi_indicator,12,24,9,16,25,70,18,2.0,1.0,9698.62,-3.01,-18.562,-3.01,35.0,1.928,20,1.8,-0.93,2025-07-22T21:29:24.772070
multi_indicator,12,24,9,16,25,70,18,2.0,1.2,9698.62,-3.01,-18.562,-3.01,35.0,1.928,20,1.8,-0.93,2025-07-22T21:29:24.890848
multi_indicator,12,24,9,16,25,75,18,2.0,1.2,9698.62,-3.01,-18.562,-3.01,35.0,1.928,20,1.8,-0.93,2025-07-22T21:29:25.856644
multi_indicator,12,24,9,16,25,75,18,2.0,1.0,9698.62,-3.01,-18.562,-3.01,35.0,1.928,20,1.8,-0.93,2025-07-22T21:29:25.746354
multi_indicator,12,24,9,16,30,75,18,2.0,1.0,9698.62,-3.01,-18.562,-3.01,35.0,1.928,20,1.8,-0.93,2025-07-22T21:29:27.692899
multi_indicator,12,24,9,16,30,75,18,2.0,1.2,9698.62,-3.01,-18.562,-3.01,35.0,1.928,20,1.8,-0.93,2025-07-22T21:29:27.798662
multi_indicator,12,24,9,14,25,75,18,2.0,1.2,9698.62,-3.01,-18.562,-3.01,35.0,1.928,20,1.8,-0.93,2025-07-22T21:29:22.186515
multi_indicator,12,24,9,14,25,75,18,2.0,1.0,9698.62,-3.01,-18.562,-3.01,35.0,1.928,20,1.8,-0.93,2025-07-22T21:29:22.071476
multi_indicator,12,24,9,14,25,70,18,2.0,1.0,9698.62,-3.01,-18.562,-3.01,35.0,1.928,20,1.8,-0.93,2025-07-22T21:29:21.213361
multi_indicator,12,24,9,14,25,70,18,2.0,1.2,9698.62,-3.01,-18.562,-3.01,35.0,1.928,20,1.8,-0.93,2025-07-22T21:29:21.322254
multi_indicator,12,24,9,16,30,70,18,1.8,1.0,9697.94,-3.02,-18.577,-3.02,35.0,1.871,20,1.75,-0.93,2025-07-22T21:29:26.448766
multi_indicator,12,24,9,16,30,70,18,1.8,1.2,9697.94,-3.02,-18.577,-3.02,35.0,1.871,20,1.75,-0.93,2025-07-22T21:29:26.555583
multi_indicator,12,24,9,14,25,70,18,1.8,1.0,9697.94,-3.02,-18.577,-3.02,35.0,1.871,20,1.75,-0.93,2025-07-22T21:29:21.015989
multi_indicator,12,24,9,14,25,70,18,1.8,1.2,9697.94,-3.02,-18.577,-3.02,35.0,1.871,20,1.75,-0.93,2025-07-22T21:29:21.111553
multi_indicator,12,24,9,14,30,75,18,1.8,1.0,9697.94,-3.02,-18.577,-3.02,35.0,1.871,20,1.75,-0.93,2025-07-22T21:29:23.643474
multi_indicator,12,24,9,14,30,75,18,1.8,1.2,9697.94,-3.02,-18.577,-3.02,35.0,1.871,20,1.75,-0.93,2025-07-22T21:29:23.743959
multi_indicator,12,24,9,16,25,70,18,1.8,1.2,9697.94,-3.02,-18.577,-3.02,35.0,1.871,20,1.75,-0.93,2025-07-22T21:29:24.658442
multi_indicator,12,24,9,16,25,70,18,1.8,1.0,9697.94,-3.02,-18.577,-3.02,35.0,1.871,20,1.75,-0.93,2025-07-22T21:29:24.547149
multi_indicator,12,24,9,16,25,75,18,1.8,1.0,9697.94,-3.02,-18.577,-3.02,35.0,1.871,20,1.75,-0.93,2025-07-22T21:29:25.495525
multi_indicator,12,24,9,16,25,75,18,1.8,1.2,9697.94,-3.02,-18.577,-3.02,35.0,1.871,20,1.75,-0.93,2025-07-22T21:29:25.622057
multi_indicator,12,24,9,16,30,75,18,1.8,1.0,9697.94,-3.02,-18.577,-3.02,35.0,1.871,20,1.75,-0.93,2025-07-22T21:29:27.456836
multi_indicator,12,24,9,16,30,75,18,1.8,1.2,9697.94,-3.02,-18.577,-3.02,35.0,1.871,20,1.75,-0.93,2025-07-22T21:29:27.581894
multi_indicator,12,24,9,14,25,75,18,1.8,1.2,9697.94,-3.02,-18.577,-3.02,35.0,1.871,20,1.75,-0.93,2025-07-22T21:29:21.959492
multi_indicator,12,24,9,14,25,75,18,1.8,1.0,9697.94,-3.02,-18.577,-3.02,35.0,1.871,20,1.75,-0.93,2025-07-22T21:29:21.851859
multi_indicator,12,24,9,14,30,70,18,1.8,1.0,9697.94,-3.02,-18.577,-3.02,35.0,1.871,20,1.75,-0.93,2025-07-22T21:29:22.692398
multi_indicator,12,24,9,14,30,70,18,1.8,1.2,9697.94,-3.02,-18.577,-3.02,35.0,1.871,20,1.75,-0.93,2025-07-22T21:29:22.792844
multi_indicator,12,24,7,14,25,75,18,2.0,1.0,9699.57,-3.0,-18.591,-3.0,35.0,2.057,20,1.79,-0.87,2025-07-22T21:29:15.797311
multi_indicator,12,24,7,14,25,75,18,2.0,1.2,9699.57,-3.0,-18.591,-3.0,35.0,2.057,20,1.79,-0.87,2025-07-22T21:29:15.882672
multi_indicator,12,24,7,14,25,70,18,2.0,1.0,9699.57,-3.0,-18.591,-3.0,35.0,2.057,20,1.79,-0.87,2025-07-22T21:29:15.047505
multi_indicator,12,24,7,14,25,70,18,2.0,1.2,9699.57,-3.0,-18.591,-3.0,35.0,2.057,20,1.79,-0.87,2025-07-22T21:29:15.139834
multi_indicator,10,26,9,14,30,75,18,2.0,1.2,9700.97,-2.99,-18.591,-2.99,35.0,2.208,20,1.82,-0.82,2025-07-22T21:29:11.254625
multi_indicator,10,26,9,14,30,75,18,2.0,1.0,9700.97,-2.99,-18.591,-2.99,35.0,2.208,20,1.82,-0.82,2025-07-22T21:29:11.158094
multi_indicator,10,26,9,14,30,70,18,2.0,1.2,9700.97,-2.99,-18.591,-2.99,35.0,2.208,20,1.82,-0.82,2025-07-22T21:29:10.473778
multi_indicator,10,26,9,14,30,70,18,2.0,1.0,9700.97,-2.99,-18.591,-2.99,35.0,2.208,20,1.82,-0.82,2025-07-22T21:29:10.375831
multi_indicator,10,26,9,14,25,75,18,2.0,1.0,9700.97,-2.99,-18.591,-2.99,35.0,2.208,20,1.82,-0.82,2025-07-22T21:29:09.616053
multi_indicator,10,26,9,14,25,75,18,2.0,1.2,9700.97,-2.99,-18.591,-2.99,35.0,2.208,20,1.82,-0.82,2025-07-22T21:29:09.717290
multi_indicator,10,26,9,16,30,75,18,2.0,1.0,9700.97,-2.99,-18.591,-2.99,35.0,2.208,20,1.82,-0.82,2025-07-22T21:29:14.291212
multi_indicator,10,26,9,16,30,75,18,2.0,1.2,9700.97,-2.99,-18.591,-2.99,35.0,2.208,20,1.82,-0.82,2025-07-22T21:29:14.385745
multi_indicator,10,26,9,16,30,70,18,2.0,1.0,9700.97,-2.99,-18.591,-2.99,35.0,2.208,20,1.82,-0.82,2025-07-22T21:29:13.488965
multi_indicator,10,26,9,16,30,70,18,2.0,1.2,9700.97,-2.99,-18.591,-2.99,35.0,2.208,20,1.82,-0.82,2025-07-22T21:29:13.588143
multi_indicator,10,26,9,16,25,75,18,2.0,1.2,9700.97,-2.99,-18.591,-2.99,35.0,2.208,20,1.82,-0.82,2025-07-22T21:29:12.780878
multi_indicator,10,26,9,16,25,75,18,2.0,1.0,9700.97,-2.99,-18.591,-2.99,35.0,2.208,20,1.82,-0.82,2025-07-22T21:29:12.688906
multi_indicator,10,26,9,16,25,70,18,2.0,1.0,9700.97,-2.99,-18.591,-2.99,35.0,2.208,20,1.82,-0.82,2025-07-22T21:29:11.892411
multi_indicator,10,26,9,16,25,70,18,2.0,1.2,9700.97,-2.99,-18.591,-2.99,35.0,2.208,20,1.82,-0.82,2025-07-22T21:29:11.978538
multi_indicator,10,26,9,14,25,70,18,2.0,1.2,9700.97,-2.99,-18.591,-2.99,35.0,2.208,20,1.82,-0.82,2025-07-22T21:29:08.909752
multi_indicator,10,26,9,14,25,70,18,2.0,1.0,9700.97,-2.99,-18.591,-2.99,35.0,2.208,20,1.82,-0.82,2025-07-22T21:29:08.811943
multi_indicator,12,24,7,16,30,75,18,2.0,1.0,9699.57,-3.0,-18.591,-3.0,35.0,2.057,20,1.79,-0.87,2025-07-22T21:29:20.408657
multi_indicator,12,24,7,16,30,75,18,2.0,1.2,9699.57,-3.0,-18.591,-3.0,35.0,2.057,20,1.79,-0.87,2025-07-22T21:29:20.513727
multi_indicator,12,24,7,16,30,70,18,2.0,1.0,9699.57,-3.0,-18.591,-3.0,35.0,2.057,20,1.79,-0.87,2025-07-22T21:29:19.574487
multi_indicator,12,24,7,16,30,70,18,2.0,1.2,9699.57,-3.0,-18.591,-3.0,35.0,2.057,20,1.79,-0.87,2025-07-22T21:29:19.668084
multi_indicator,12,24,7,16,25,75,18,2.0,1.0,9699.57,-3.0,-18.591,-3.0,35.0,2.057,20,1.79,-0.87,2025-07-22T21:29:18.866768
multi_indicator,12,24,7,16,25,75,18,2.0,1.2,9699.57,-3.0,-18.591,-3.0,35.0,2.057,20,1.79,-0.87,2025-07-22T21:29:18.950353
multi_indicator,12,24,7,16,25,70,18,2.0,1.0,9699.57,-3.0,-18.591,-3.0,35.0,2.057,20,1.79,-0.87,2025-07-22T21:29:18.011190
multi_indicator,12,24,7,16,25,70,18,2.0,1.2,9699.57,-3.0,-18.591,-3.0,35.0,2.057,20,1.79,-0.87,2025-07-22T21:29:18.192183
multi_indicator,12,24,7,14,30,75,18,2.0,1.0,9699.57,-3.0,-18.591,-3.0,35.0,2.057,20,1.79,-0.87,2025-07-22T21:29:17.289141
multi_indicator,12,24,7,14,30,75,18,2.0,1.2,9699.57,-3.0,-18.591,-3.0,35.0,2.057,20,1.79,-0.87,2025-07-22T21:29:17.382584
multi_indicator,12,24,7,14,30,70,18,2.0,1.0,9699.57,-3.0,-18.591,-3.0,35.0,2.057,20,1.79,-0.87,2025-07-22T21:29:16.544128
multi_indicator,12,24,7,14,30,70,18,2.0,1.2,9699.57,-3.0,-18.591,-3.0,35.0,2.057,20,1.79,-0.87,2025-07-22T21:29:16.643040
multi_indicator,12,26,7,16,25,70,18,2.0,1.2,9700.65,-2.99,-18.597,-2.99,35.0,2.179,20,1.79,-0.82,2025-07-22T21:29:32.597727
multi_indicator,12,26,7,16,25,70,18,2.0,1.0,9700.65,-2.99,-18.597,-2.99,35.0,2.179,20,1.79,-0.82,2025-07-22T21:29:32.474286
multi_indicator,12,26,7,16,25,75,18,2.0,1.0,9700.65,-2.99,-18.597,-2.99,35.0,2.179,20,1.79,-0.82,2025-07-22T21:29:33.436113
multi_indicator,12,26,7,16,25,75,18,2.0,1.2,9700.65,-2.99,-18.597,-2.99,35.0,2.179,20,1.79,-0.82,2025-07-22T21:29:33.575855
multi_indicator,12,26,7,16,30,75,18,2.0,1.2,9700.65,-2.99,-18.597,-2.99,35.0,2.179,20,1.79,-0.82,2025-07-22T21:29:35.440669
multi_indicator,12,26,7,16,30,75,18,2.0,1.0,9700.65,-2.99,-18.597,-2.99,35.0,2.179,20,1.79,-0.82,2025-07-22T21:29:35.328324
multi_indicator,12,26,7,16,30,70,18,2.0,1.0,9700.65,-2.99,-18.597,-2.99,35.0,2.179,20,1.79,-0.82,2025-07-22T21:29:34.399488
multi_indicator,12,26,7,16,30,70,18,2.0,1.2,9700.65,-2.99,-18.597,-2.99,35.0,2.179,20,1.79,-0.82,2025-07-22T21:29:34.519636
multi_indicator,12,26,7,14,30,70,18,2.0,1.2,9700.65,-2.99,-18.597,-2.99,35.0,2.179,20,1.79,-0.82,2025-07-22T21:29:30.671124
multi_indicator,12,26,7,14,30,70,18,2.0,1.0,9700.65,-2.99,-18.597,-2.99,35.0,2.179,20,1.79,-0.82,2025-07-22T21:29:30.554158
multi_indicator,12,26,7,14,30,75,18,2.0,1.0,9700.65,-2.99,-18.597,-2.99,35.0,2.179,20,1.79,-0.82,2025-07-22T21:29:31.487422
multi_indicator,12,26,7,14,30,75,18,2.0,1.2,9700.65,-2.99,-18.597,-2.99,35.0,2.179,20,1.79,-0.82,2025-07-22T21:29:31.617407
multi_indicator,12,26,7,14,25,75,18,2.0,1.2,9700.65,-2.99,-18.597,-2.99,35.0,2.179,20,1.79,-0.82,2025-07-22T21:29:29.701563
multi_indicator,12,26,7,14,25,75,18,2.0,1.0,9700.65,-2.99,-18.597,-2.99,35.0,2.179,20,1.79,-0.82,2025-07-22T21:29:29.584474
multi_indicator,12,26,7,14,25,70,18,2.0,1.0,9700.65,-2.99,-18.597,-2.99,35.0,2.179,20,1.79,-0.82,2025-07-22T21:29:28.615440
multi_indicator,12,26,7,14,25,70,18,2.0,1.2,9700.65,-2.99,-18.597,-2.99,35.0,2.179,20,1.79,-0.82,2025-07-22T21:29:28.744925
multi_indicator,10,26,9,16,25,70,18,1.8,1.0,9700.3,-3.0,-18.606,-3.0,35.0,2.143,20,1.76,-0.82,2025-07-22T21:29:11.725532
multi_indicator,10,26,9,16,25,70,18,1.8,1.2,9700.3,-3.0,-18.606,-3.0,35.0,2.143,20,1.76,-0.82,2025-07-22T21:29:11.806880
multi_indicator,10,26,9,16,25,75,18,1.8,1.0,9700.3,-3.0,-18.606,-3.0,35.0,2.143,20,1.76,-0.82,2025-07-22T21:29:12.497463
multi_indicator,10,26,9,16,25,75,18,1.8,1.2,9700.3,-3.0,-18.606,-3.0,35.0,2.143,20,1.76,-0.82,2025-07-22T21:29:12.590325
multi_indicator,10,26,9,16,30,70,18,1.8,1.0,9700.3,-3.0,-18.606,-3.0,35.0,2.143,20,1.76,-0.82,2025-07-22T21:29:13.286346
multi_indicator,10,26,9,16,30,70,18,1.8,1.2,9700.3,-3.0,-18.606,-3.0,35.0,2.143,20,1.76,-0.82,2025-07-22T21:29:13.390374
multi_indicator,10,26,9,16,30,75,18,1.8,1.0,9700.3,-3.0,-18.606,-3.0,35.0,2.143,20,1.76,-0.82,2025-07-22T21:29:14.097700
multi_indicator,10,26,9,16,30,75,18,1.8,1.2,9700.3,-3.0,-18.606,-3.0,35.0,2.143,20,1.76,-0.82,2025-07-22T21:29:14.193686
multi_indicator,10,26,9,14,25,70,18,1.8,1.0,9700.3,-3.0,-18.606,-3.0,35.0,2.143,20,1.76,-0.82,2025-07-22T21:29:08.615803
multi_indicator,10,26,9,14,25,70,18,1.8,1.2,9700.3,-3.0,-18.606,-3.0,35.0,2.143,20,1.76,-0.82,2025-07-22T21:29:08.715891
multi_indicator,10,26,9,14,25,75,18,1.8,1.0,9700.3,-3.0,-18.606,-3.0,35.0,2.143,20,1.76,-0.82,2025-07-22T21:29:09.410504
multi_indicator,10,26,9,14,25,75,18,1.8,1.2,9700.3,-3.0,-18.606,-3.0,35.0,2.143,20,1.76,-0.82,2025-07-22T21:29:09.505467
multi_indicator,10,26,9,14,30,70,18,1.8,1.0,9700.3,-3.0,-18.606,-3.0,35.0,2.143,20,1.76,-0.82,2025-07-22T21:29:10.183096
multi_indicator,10,26,9,14,30,70,18,1.8,1.2,9700.3,-3.0,-18.606,-3.0,35.0,2.143,20,1.76,-0.82,2025-07-22T21:29:10.279569
multi_indicator,10,26,9,14,30,75,18,1.8,1.0,9700.3,-3.0,-18.606,-3.0,35.0,2.143,20,1.76,-0.82,2025-07-22T21:29:10.972593
multi_indicator,10,26,9,14,30,75,18,1.8,1.2,9700.3,-3.0,-18.606,-3.0,35.0,2.143,20,1.76,-0.82,2025-07-22T21:29:11.065378
multi_indicator,12,24,7,14,25,70,18,1.8,1.0,9698.87,-3.01,-18.607,-3.01,35.0,1.993,20,1.74,-0.87,2025-07-22T21:29:14.854377
multi_indicator,12,24,7,14,25,70,18,1.8,1.2,9698.87,-3.01,-18.607,-3.01,35.0,1.993,20,1.74,-0.87,2025-07-22T21:29:14.949530
multi_indicator,12,24,7,14,25,75,18,1.8,1.0,9698.87,-3.01,-18.607,-3.01,35.0,1.993,20,1.74,-0.87,2025-07-22T21:29:15.621783
multi_indicator,12,24,7,14,25,75,18,1.8,1.2,9698.87,-3.01,-18.607,-3.01,35.0,1.993,20,1.74,-0.87,2025-07-22T21:29:15.706431
multi_indicator,12,24,7,14,30,70,18,1.8,1.0,9698.87,-3.01,-18.607,-3.01,35.0,1.993,20,1.74,-0.87,2025-07-22T21:29:16.356481
multi_indicator,12,24,7,14,30,70,18,1.8,1.2,9698.87,-3.01,-18.607,-3.01,35.0,1.993,20,1.74,-0.87,2025-07-22T21:29:16.452825
multi_indicator,12,24,7,14,30,75,18,1.8,1.0,9698.87,-3.01,-18.607,-3.01,35.0,1.993,20,1.74,-0.87,2025-07-22T21:29:17.094997
multi_indicator,12,24,7,14,30,75,18,1.8,1.2,9698.87,-3.01,-18.607,-3.01,35.0,1.993,20,1.74,-0.87,2025-07-22T21:29:17.190528
multi_indicator,12,24,7,16,25,70,18,1.8,1.0,9698.87,-3.01,-18.607,-3.01,35.0,1.993,20,1.74,-0.87,2025-07-22T21:29:17.819506
multi_indicator,12,24,7,16,25,70,18,1.8,1.2,9698.87,-3.01,-18.607,-3.01,35.0,1.993,20,1.74,-0.87,2025-07-22T21:29:17.908639
multi_indicator,12,24,7,16,25,75,18,1.8,1.0,9698.87,-3.01,-18.607,-3.01,35.0,1.993,20,1.74,-0.87,2025-07-22T21:29:18.684558
multi_indicator,12,24,7,16,25,75,18,1.8,1.2,9698.87,-3.01,-18.607,-3.01,35.0,1.993,20,1.74,-0.87,2025-07-22T21:29:18.778508
multi_indicator,12,24,7,16,30,70,18,1.8,1.0,9698.87,-3.01,-18.607,-3.01,35.0,1.993,20,1.74,-0.87,2025-07-22T21:29:19.383991
multi_indicator,12,24,7,16,30,70,18,1.8,1.2,9698.87,-3.01,-18.607,-3.01,35.0,1.993,20,1.74,-0.87,2025-07-22T21:29:19.476667
multi_indicator,12,24,7,16,30,75,18,1.8,1.0,9698.87,-3.01,-18.607,-3.01,35.0,1.993,20,1.74,-0.87,2025-07-22T21:29:20.191011
multi_indicator,12,24,7,16,30,75,18,1.8,1.2,9698.87,-3.01,-18.607,-3.01,35.0,1.993,20,1.74,-0.87,2025-07-22T21:29:20.301826
multi_indicator,12,26,9,16,25,70,18,2.0,1.2,9684.13,-3.16,-18.608,-3.16,38.1,1.689,21,1.6,-0.95,2025-07-22T21:29:39.892920
multi_indicator,12,26,9,16,25,70,18,2.0,1.0,9684.13,-3.16,-18.608,-3.16,38.1,1.689,21,1.6,-0.95,2025-07-22T21:29:39.779213
multi_indicator,12,26,9,16,25,75,18,2.0,1.0,9684.13,-3.16,-18.608,-3.16,38.1,1.689,21,1.6,-0.95,2025-07-22T21:29:40.632112
multi_indicator,12,26,9,16,25,75,18,2.0,1.2,9684.13,-3.16,-18.608,-3.16,38.1,1.689,21,1.6,-0.95,2025-07-22T21:29:40.742695
multi_indicator,12,26,9,16,30,75,18,2.0,1.2,9684.13,-3.16,-18.608,-3.16,38.1,1.689,21,1.6,-0.95,2025-07-22T21:29:42.380900
multi_indicator,12,26,9,16,30,75,18,2.0,1.0,9684.13,-3.16,-18.608,-3.16,38.1,1.689,21,1.6,-0.95,2025-07-22T21:29:42.287744
multi_indicator,12,26,9,16,30,70,18,2.0,1.0,9684.13,-3.16,-18.608,-3.16,38.1,1.689,21,1.6,-0.95,2025-07-22T21:29:41.493094
multi_indicator,12,26,9,16,30,70,18,2.0,1.2,9684.13,-3.16,-18.608,-3.16,38.1,1.689,21,1.6,-0.95,2025-07-22T21:29:41.597604
multi_indicator,12,26,9,14,25,70,18,2.0,1.2,9684.13,-3.16,-18.608,-3.16,38.1,1.689,21,1.6,-0.95,2025-07-22T21:29:36.329344
multi_indicator,12,26,9,14,25,70,18,2.0,1.0,9684.13,-3.16,-18.608,-3.16,38.1,1.689,21,1.6,-0.95,2025-07-22T21:29:36.217526
multi_indicator,12,26,9,14,25,75,18,2.0,1.0,9684.13,-3.16,-18.608,-3.16,38.1,1.689,21,1.6,-0.95,2025-07-22T21:29:37.125245
multi_indicator,12,26,9,14,25,75,18,2.0,1.2,9684.13,-3.16,-18.608,-3.16,38.1,1.689,21,1.6,-0.95,2025-07-22T21:29:37.238596
multi_indicator,12,26,9,14,30,75,18,2.0,1.2,9684.13,-3.16,-18.608,-3.16,38.1,1.689,21,1.6,-0.95,2025-07-22T21:29:39.041847
multi_indicator,12,26,9,14,30,75,18,2.0,1.0,9684.13,-3.16,-18.608,-3.16,38.1,1.689,21,1.6,-0.95,2025-07-22T21:29:38.935630
multi_indicator,12,26,9,14,30,70,18,2.0,1.0,9684.13,-3.16,-18.608,-3.16,38.1,1.689,21,1.6,-0.95,2025-07-22T21:29:38.033423
multi_indicator,12,26,9,14,30,70,18,2.0,1.2,9684.13,-3.16,-18.608,-3.16,38.1,1.689,21,1.6,-0.95,2025-07-22T21:29:38.160595
multi_indicator,12,26,7,14,30,75,18,1.8,1.0,9699.98,-3.0,-18.612,-3.0,35.0,2.114,20,1.74,-0.82,2025-07-22T21:29:31.240318
multi_indicator,12,26,7,14,30,75,18,1.8,1.2,9699.98,-3.0,-18.612,-3.0,35.0,2.114,20,1.74,-0.82,2025-07-22T21:29:31.358579
multi_indicator,12,26,7,14,30,70,18,1.8,1.2,9699.98,-3.0,-18.612,-3.0,35.0,2.114,20,1.74,-0.82,2025-07-22T21:29:30.440615
multi_indicator,12,26,7,14,30,70,18,1.8,1.0,9699.98,-3.0,-18.612,-3.0,35.0,2.114,20,1.74,-0.82,2025-07-22T21:29:30.312478
multi_indicator,12,26,7,14,25,70,18,1.8,1.0,9699.98,-3.0,-18.612,-3.0,35.0,2.114,20,1.74,-0.82,2025-07-22T21:29:28.372334
multi_indicator,12,26,7,14,25,70,18,1.8,1.2,9699.98,-3.0,-18.612,-3.0,35.0,2.114,20,1.74,-0.82,2025-07-22T21:29:28.499648
multi_indicator,12,26,7,14,25,75,18,1.8,1.2,9699.98,-3.0,-18.612,-3.0,35.0,2.114,20,1.74,-0.82,2025-07-22T21:29:29.467090
multi_indicator,12,26,7,14,25,75,18,1.8,1.0,9699.98,-3.0,-18.612,-3.0,35.0,2.114,20,1.74,-0.82,2025-07-22T21:29:29.350123
multi_indicator,12,26,7,16,25,75,18,1.8,1.0,9699.98,-3.0,-18.612,-3.0,35.0,2.114,20,1.74,-0.82,2025-07-22T21:29:33.201203
multi_indicator,12,26,7,16,25,75,18,1.8,1.2,9699.98,-3.0,-18.612,-3.0,35.0,2.114,20,1.74,-0.82,2025-07-22T21:29:33.326241
multi_indicator,12,26,7,16,25,70,18,1.8,1.2,9699.98,-3.0,-18.612,-3.0,35.0,2.114,20,1.74,-0.82,2025-07-22T21:29:32.344909
multi_indicator,12,26,7,16,25,70,18,1.8,1.0,9699.98,-3.0,-18.612,-3.0,35.0,2.114,20,1.74,-0.82,2025-07-22T21:29:32.232116
multi_indicator,12,26,7,16,30,70,18,1.8,1.0,9699.98,-3.0,-18.612,-3.0,35.0,2.114,20,1.74,-0.82,2025-07-22T21:29:34.161297
multi_indicator,12,26,7,16,30,70,18,1.8,1.2,9699.98,-3.0,-18.612,-3.0,35.0,2.114,20,1.74,-0.82,2025-07-22T21:29:34.287199
multi_indicator,12,26,7,16,30,75,18,1.8,1.2,9699.98,-3.0,-18.612,-3.0,35.0,2.114,20,1.74,-0.82,2025-07-22T21:29:35.205052
multi_indicator,12,26,7,16,30,75,18,1.8,1.0,9699.98,-3.0,-18.612,-3.0,35.0,2.114,20,1.74,-0.82,2025-07-22T21:29:35.094511
multi_indicator,12,26,9,14,25,75,18,1.8,1.0,9683.46,-3.17,-18.624,-3.17,38.1,1.64,21,1.55,-0.95,2025-07-22T21:29:36.888103
multi_indicator,12,26,9,14,25,75,18,1.8,1.2,9683.46,-3.17,-18.624,-3.17,38.1,1.64,21,1.55,-0.95,2025-07-22T21:29:37.003249
multi_indicator,12,26,9,14,25,70,18,1.8,1.2,9683.46,-3.17,-18.624,-3.17,38.1,1.64,21,1.55,-0.95,2025-07-22T21:29:36.104401
multi_indicator,12,26,9,14,25,70,18,1.8,1.0,9683.46,-3.17,-18.624,-3.17,38.1,1.64,21,1.55,-0.95,2025-07-22T21:29:35.984951
multi_indicator,12,26,9,14,30,70,18,1.8,1.0,9683.46,-3.17,-18.624,-3.17,38.1,1.64,21,1.55,-0.95,2025-07-22T21:29:37.804606
multi_indicator,12,26,9,14,30,70,18,1.8,1.2,9683.46,-3.17,-18.624,-3.17,38.1,1.64,21,1.55,-0.95,2025-07-22T21:29:37.918517
multi_indicator,12,26,9,14,30,75,18,1.8,1.2,9683.46,-3.17,-18.624,-3.17,38.1,1.64,21,1.55,-0.95,2025-07-22T21:29:38.830047
multi_indicator,12,26,9,14,30,75,18,1.8,1.0,9683.46,-3.17,-18.624,-3.17,38.1,1.64,21,1.55,-0.95,2025-07-22T21:29:38.722518
multi_indicator,12,26,9,16,25,75,18,1.8,1.0,9683.46,-3.17,-18.624,-3.17,38.1,1.64,21,1.55,-0.95,2025-07-22T21:29:40.412174
multi_indicator,12,26,9,16,25,75,18,1.8,1.2,9683.46,-3.17,-18.624,-3.17,38.1,1.64,21,1.55,-0.95,2025-07-22T21:29:40.521976
multi_indicator,12,26,9,16,25,70,18,1.8,1.2,9683.46,-3.17,-18.624,-3.17,38.1,1.64,21,1.55,-0.95,2025-07-22T21:29:39.679615
multi_indicator,12,26,9,16,25,70,18,1.8,1.0,9683.46,-3.17,-18.624,-3.17,38.1,1.64,21,1.55,-0.95,2025-07-22T21:29:39.567167
multi_indicator,12,26,9,16,30,70,18,1.8,1.0,9683.46,-3.17,-18.624,-3.17,38.1,1.64,21,1.55,-0.95,2025-07-22T21:29:41.269606
multi_indicator,12,26,9,16,30,70,18,1.8,1.2,9683.46,-3.17,-18.624,-3.17,38.1,1.64,21,1.55,-0.95,2025-07-22T21:29:41.382540
multi_indicator,12,26,9,16,30,75,18,1.8,1.2,9683.46,-3.17,-18.624,-3.17,38.1,1.64,21,1.55,-0.95,2025-07-22T21:29:42.185745
multi_indicator,12,26,9,16,30,75,18,1.8,1.0,9683.46,-3.17,-18.624,-3.17,38.1,1.64,21,1.55,-0.95,2025-07-22T21:29:42.078690
multi_indicator,10,24,7,14,25,70,20,2.0,1.2,9673.11,-3.27,-18.795,-3.27,31.82,2.608,22,2.39,-0.92,2025-07-22T21:28:47.999756
multi_indicator,10,24,7,14,25,70,20,2.0,1.0,9673.11,-3.27,-18.795,-3.27,31.82,2.608,22,2.39,-0.92,2025-07-22T21:28:47.904439
multi_indicator,10,24,7,14,25,70,20,1.8,1.2,9673.11,-3.27,-18.795,-3.27,31.82,2.608,22,2.39,-0.92,2025-07-22T21:28:47.808547
multi_indicator,10,24,7,14,25,70,20,1.8,1.0,9673.11,-3.27,-18.795,-3.27,31.82,2.608,22,2.39,-0.92,2025-07-22T21:28:47.718252
multi_indicator,10,24,7,14,25,75,20,1.8,1.0,9673.11,-3.27,-18.795,-3.27,31.82,2.608,22,2.39,-0.92,2025-07-22T21:28:48.461578
multi_indicator,10,24,7,14,25,75,20,1.8,1.2,9673.11,-3.27,-18.795,-3.27,31.82,2.608,22,2.39,-0.92,2025-07-22T21:28:48.576150
multi_indicator,10,24,7,14,25,75,20,2.0,1.0,9673.11,-3.27,-18.795,-3.27,31.82,2.608,22,2.39,-0.92,2025-07-22T21:28:48.683634
multi_indicator,10,24,7,14,25,75,20,2.0,1.2,9673.11,-3.27,-18.795,-3.27,31.82,2.608,22,2.39,-0.92,2025-07-22T21:28:48.791166
multi_indicator,10,24,7,14,30,75,20,2.0,1.2,9673.11,-3.27,-18.795,-3.27,31.82,2.608,22,2.39,-0.92,2025-07-22T21:28:50.492158
multi_indicator,10,24,7,14,30,75,20,2.0,1.0,9673.11,-3.27,-18.795,-3.27,31.82,2.608,22,2.39,-0.92,2025-07-22T21:28:50.386589
multi_indicator,10,24,7,14,30,75,20,1.8,1.2,9673.11,-3.27,-18.795,-3.27,31.82,2.608,22,2.39,-0.92,2025-07-22T21:28:50.281093
multi_indicator,10,24,7,14,30,75,20,1.8,1.0,9673.11,-3.27,-18.795,-3.27,31.82,2.608,22,2.39,-0.92,2025-07-22T21:28:50.177872
multi_indicator,10,24,7,14,30,70,20,1.8,1.0,9673.11,-3.27,-18.795,-3.27,31.82,2.608,22,2.39,-0.92,2025-07-22T21:28:49.333465
multi_indicator,10,24,7,14,30,70,20,1.8,1.2,9673.11,-3.27,-18.795,-3.27,31.82,2.608,22,2.39,-0.92,2025-07-22T21:28:49.439697
multi_indicator,10,24,7,14,30,70,20,2.0,1.0,9673.11,-3.27,-18.795,-3.27,31.82,2.608,22,2.39,-0.92,2025-07-22T21:28:49.543416
multi_indicator,10,24,7,14,30,70,20,2.0,1.2,9673.11,-3.27,-18.795,-3.27,31.82,2.608,22,2.39,-0.92,2025-07-22T21:28:49.649302
multi_indicator,10,24,7,16,25,70,20,2.0,1.2,9673.11,-3.27,-18.795,-3.27,31.82,2.608,22,2.39,-0.92,2025-07-22T21:28:51.388009
multi_indicator,10,24,7,16,25,70,20,2.0,1.0,9673.11,-3.27,-18.795,-3.27,31.82,2.608,22,2.39,-0.92,2025-07-22T21:28:51.278727
multi_indicator,10,24,7,16,25,70,20,1.8,1.2,9673.11,-3.27,-18.795,-3.27,31.82,2.608,22,2.39,-0.92,2025-07-22T21:28:51.157930
multi_indicator,10,24,7,16,25,70,20,1.8,1.0,9673.11,-3.27,-18.795,-3.27,31.82,2.608,22,2.39,-0.92,2025-07-22T21:28:51.038455
multi_indicator,10,24,7,16,25,75,20,1.8,1.0,9673.11,-3.27,-18.795,-3.27,31.82,2.608,22,2.39,-0.92,2025-07-22T21:28:52.001773
multi_indicator,10,24,7,16,25,75,20,1.8,1.2,9673.11,-3.27,-18.795,-3.27,31.82,2.608,22,2.39,-0.92,2025-07-22T21:28:52.118380
multi_indicator,10,24,7,16,25,75,20,2.0,1.0,9673.11,-3.27,-18.795,-3.27,31.82,2.608,22,2.39,-0.92,2025-07-22T21:28:52.229679
multi_indicator,10,24,7,16,25,75,20,2.0,1.2,9673.11,-3.27,-18.795,-3.27,31.82,2.608,22,2.39,-0.92,2025-07-22T21:28:52.354089
multi_indicator,10,24,7,16,30,70,20,2.0,1.2,9673.11,-3.27,-18.795,-3.27,31.82,2.608,22,2.39,-0.92,2025-07-22T21:28:53.295529
multi_indicator,10,24,7,16,30,70,20,2.0,1.0,9673.11,-3.27,-18.795,-3.27,31.82,2.608,22,2.39,-0.92,2025-07-22T21:28:53.186145
multi_indicator,10,24,7,16,30,70,20,1.8,1.2,9673.11,-3.27,-18.795,-3.27,31.82,2.608,22,2.39,-0.92,2025-07-22T21:28:53.077080
multi_indicator,10,24,7,16,30,70,20,1.8,1.0,9673.11,-3.27,-18.795,-3.27,31.82,2.608,22,2.39,-0.92,2025-07-22T21:28:52.956197
multi_indicator,10,24,7,16,30,75,20,1.8,1.0,9673.11,-3.27,-18.795,-3.27,31.82,2.608,22,2.39,-0.92,2025-07-22T21:28:53.821502
multi_indicator,10,24,7,16,30,75,20,1.8,1.2,9673.11,-3.27,-18.795,-3.27,31.82,2.608,22,2.39,-0.92,2025-07-22T21:28:53.926341
multi_indicator,10,24,7,16,30,75,20,2.0,1.0,9673.11,-3.27,-18.795,-3.27,31.82,2.608,22,2.39,-0.92,2025-07-22T21:28:54.031969
multi_indicator,10,24,7,16,30,75,20,2.0,1.2,9673.11,-3.27,-18.795,-3.27,31.82,2.608,22,2.39,-0.92,2025-07-22T21:28:54.147642
multi_indicator,10,26,7,14,25,70,20,2.0,1.2,9670.88,-3.29,-19.433,-3.29,31.82,2.401,22,2.2,-0.92,2025-07-22T21:29:02.510807
multi_indicator,10,26,7,14,25,70,20,2.0,1.0,9670.88,-3.29,-19.433,-3.29,31.82,2.401,22,2.2,-0.92,2025-07-22T21:29:02.405433
multi_indicator,10,26,7,14,25,70,20,1.8,1.2,9670.88,-3.29,-19.433,-3.29,31.82,2.401,22,2.2,-0.92,2025-07-22T21:29:02.293904
multi_indicator,10,26,7,14,25,70,20,1.8,1.0,9670.88,-3.29,-19.433,-3.29,31.82,2.401,22,2.2,-0.92,2025-07-22T21:29:02.184104
multi_indicator,10,26,7,14,25,75,20,1.8,1.0,9670.88,-3.29,-19.433,-3.29,31.82,2.401,22,2.2,-0.92,2025-07-22T21:29:03.063383
multi_indicator,10,26,7,14,25,75,20,1.8,1.2,9670.88,-3.29,-19.433,-3.29,31.82,2.401,22,2.2,-0.92,2025-07-22T21:29:03.169434
multi_indicator,10,26,7,14,25,75,20,2.0,1.0,9670.88,-3.29,-19.433,-3.29,31.82,2.401,22,2.2,-0.92,2025-07-22T21:29:03.278465
multi_indicator,10,26,7,14,25,75,20,2.0,1.2,9670.88,-3.29,-19.433,-3.29,31.82,2.401,22,2.2,-0.92,2025-07-22T21:29:03.390071
multi_indicator,10,26,7,16,30,75,20,2.0,1.2,9670.88,-3.29,-19.433,-3.29,31.82,2.401,22,2.2,-0.92,2025-07-22T21:29:08.503185
multi_indicator,10,26,7,16,30,75,20,2.0,1.0,9670.88,-3.29,-19.433,-3.29,31.82,2.401,22,2.2,-0.92,2025-07-22T21:29:08.409715
multi_indicator,10,26,7,16,30,75,20,1.8,1.2,9670.88,-3.29,-19.433,-3.29,31.82,2.401,22,2.2,-0.92,2025-07-22T21:29:08.312605
multi_indicator,10,26,7,16,30,75,20,1.8,1.0,9670.88,-3.29,-19.433,-3.29,31.82,2.401,22,2.2,-0.92,2025-07-22T21:29:08.211408
multi_indicator,10,26,7,16,30,70,20,1.8,1.0,9670.88,-3.29,-19.433,-3.29,31.82,2.401,22,2.2,-0.92,2025-07-22T21:29:07.375243
multi_indicator,10,26,7,16,30,70,20,1.8,1.2,9670.88,-3.29,-19.433,-3.29,31.82,2.401,22,2.2,-0.92,2025-07-22T21:29:07.480165
multi_indicator,10,26,7,16,30,70,20,2.0,1.0,9670.88,-3.29,-19.433,-3.29,31.82,2.401,22,2.2,-0.92,2025-07-22T21:29:07.589005
multi_indicator,10,26,7,16,30,70,20,2.0,1.2,9670.88,-3.29,-19.433,-3.29,31.82,2.401,22,2.2,-0.92,2025-07-22T21:29:07.690493
multi_indicator,10,26,7,14,30,70,20,2.0,1.2,9670.88,-3.29,-19.433,-3.29,31.82,2.401,22,2.2,-0.92,2025-07-22T21:29:04.252455
multi_indicator,10,26,7,14,30,70,20,2.0,1.0,9670.88,-3.29,-19.433,-3.29,31.82,2.401,22,2.2,-0.92,2025-07-22T21:29:04.155115
multi_indicator,10,26,7,14,30,70,20,1.8,1.2,9670.88,-3.29,-19.433,-3.29,31.82,2.401,22,2.2,-0.92,2025-07-22T21:29:04.054063
multi_indicator,10,26,7,14,30,70,20,1.8,1.0,9670.88,-3.29,-19.433,-3.29,31.82,2.401,22,2.2,-0.92,2025-07-22T21:29:03.943468
multi_indicator,10,26,7,14,30,75,20,1.8,1.0,9670.88,-3.29,-19.433,-3.29,31.82,2.401,22,2.2,-0.92,2025-07-22T21:29:04.784561
multi_indicator,10,26,7,14,30,75,20,1.8,1.2,9670.88,-3.29,-19.433,-3.29,31.82,2.401,22,2.2,-0.92,2025-07-22T21:29:04.884116
multi_indicator,10,26,7,14,30,75,20,2.0,1.0,9670.88,-3.29,-19.433,-3.29,31.82,2.401,22,2.2,-0.92,2025-07-22T21:29:04.994794
multi_indicator,10,26,7,14,30,75,20,2.0,1.2,9670.88,-3.29,-19.433,-3.29,31.82,2.401,22,2.2,-0.92,2025-07-22T21:29:05.100629
multi_indicator,10,26,7,16,25,75,20,2.0,1.2,9670.88,-3.29,-19.433,-3.29,31.82,2.401,22,2.2,-0.92,2025-07-22T21:29:06.817881
multi_indicator,10,26,7,16,25,75,20,2.0,1.0,9670.88,-3.29,-19.433,-3.29,31.82,2.401,22,2.2,-0.92,2025-07-22T21:29:06.700076
multi_indicator,10,26,7,16,25,75,20,1.8,1.2,9670.88,-3.29,-19.433,-3.29,31.82,2.401,22,2.2,-0.92,2025-07-22T21:29:06.591409
multi_indicator,10,26,7,16,25,75,20,1.8,1.0,9670.88,-3.29,-19.433,-3.29,31.82,2.401,22,2.2,-0.92,2025-07-22T21:29:06.481249
multi_indicator,10,26,7,16,25,70,20,1.8,1.0,9670.88,-3.29,-19.433,-3.29,31.82,2.401,22,2.2,-0.92,2025-07-22T21:29:05.628803
multi_indicator,10,26,7,16,25,70,20,1.8,1.2,9670.88,-3.29,-19.433,-3.29,31.82,2.401,22,2.2,-0.92,2025-07-22T21:29:05.738745
multi_indicator,10,26,7,16,25,70,20,2.0,1.0,9670.88,-3.29,-19.433,-3.29,31.82,2.401,22,2.2,-0.92,2025-07-22T21:29:05.849577
multi_indicator,10,26,7,16,25,70,20,2.0,1.2,9670.88,-3.29,-19.433,-3.29,31.82,2.401,22,2.2,-0.92,2025-07-22T21:29:05.952445
multi_indicator,10,24,7,14,30,75,18,2.0,1.0,9630.81,-3.69,-20.191,-3.69,36.0,2.195,25,2.07,-0.94,2025-07-22T21:28:49.969132
multi_indicator,10,24,7,14,30,75,18,2.0,1.2,9630.81,-3.69,-20.191,-3.69,36.0,2.195,25,2.07,-0.94,2025-07-22T21:28:50.072847
multi_indicator,10,24,7,14,30,70,18,2.0,1.2,9630.81,-3.69,-20.191,-3.69,36.0,2.195,25,2.07,-0.94,2025-07-22T21:28:49.231476
multi_indicator,10,24,7,14,30,70,18,2.0,1.0,9630.81,-3.69,-20.191,-3.69,36.0,2.195,25,2.07,-0.94,2025-07-22T21:28:49.128475
multi_indicator,10,24,7,14,25,70,18,2.0,1.0,9630.81,-3.69,-20.191,-3.69,36.0,2.195,25,2.07,-0.94,2025-07-22T21:28:47.532236
multi_indicator,10,24,7,14,25,70,18,2.0,1.2,9630.81,-3.69,-20.191,-3.69,36.0,2.195,25,2.07,-0.94,2025-07-22T21:28:47.627305
multi_indicator,10,24,7,14,25,75,18,2.0,1.2,9630.81,-3.69,-20.191,-3.69,36.0,2.195,25,2.07,-0.94,2025-07-22T21:28:48.364935
multi_indicator,10,24,7,14,25,75,18,2.0,1.0,9630.81,-3.69,-20.191,-3.69,36.0,2.195,25,2.07,-0.94,2025-07-22T21:28:48.276440
multi_indicator,10,24,7,16,30,70,18,2.0,1.0,9630.81,-3.69,-20.191,-3.69,36.0,2.195,25,2.07,-0.94,2025-07-22T21:28:52.712923
multi_indicator,10,24,7,16,30,70,18,2.0,1.2,9630.81,-3.69,-20.191,-3.69,36.0,2.195,25,2.07,-0.94,2025-07-22T21:28:52.846662
multi_indicator,10,24,7,16,30,75,18,2.0,1.2,9630.81,-3.69,-20.191,-3.69,36.0,2.195,25,2.07,-0.94,2025-07-22T21:28:53.715611
multi_indicator,10,24,7,16,30,75,18,2.0,1.0,9630.81,-3.69,-20.191,-3.69,36.0,2.195,25,2.07,-0.94,2025-07-22T21:28:53.611716
multi_indicator,10,24,7,16,25,70,18,2.0,1.0,9630.81,-3.69,-20.191,-3.69,36.0,2.195,25,2.07,-0.94,2025-07-22T21:28:50.820611
multi_indicator,10,24,7,16,25,70,18,2.0,1.2,9630.81,-3.69,-20.191,-3.69,36.0,2.195,25,2.07,-0.94,2025-07-22T21:28:50.928883
multi_indicator,10,24,7,16,25,75,18,2.0,1.2,9630.81,-3.69,-20.191,-3.69,36.0,2.195,25,2.07,-0.94,2025-07-22T21:28:51.862912
multi_indicator,10,24,7,16,25,75,18,2.0,1.0,9630.81,-3.69,-20.191,-3.69,36.0,2.195,25,2.07,-0.94,2025-07-22T21:28:51.734365
multi_indicator,10,24,7,16,25,75,18,1.8,1.2,9630.12,-3.7,-20.207,-3.7,36.0,2.15,25,2.03,-0.94,2025-07-22T21:28:51.610678
multi_indicator,10,24,7,16,25,75,18,1.8,1.0,9630.12,-3.7,-20.207,-3.7,36.0,2.15,25,2.03,-0.94,2025-07-22T21:28:51.499765
multi_indicator,10,24,7,16,25,70,18,1.8,1.0,9630.12,-3.7,-20.207,-3.7,36.0,2.15,25,2.03,-0.94,2025-07-22T21:28:50.596292
multi_indicator,10,24,7,16,25,70,18,1.8,1.2,9630.12,-3.7,-20.207,-3.7,36.0,2.15,25,2.03,-0.94,2025-07-22T21:28:50.706216
multi_indicator,10,24,7,16,30,75,18,1.8,1.2,9630.12,-3.7,-20.207,-3.7,36.0,2.15,25,2.03,-0.94,2025-07-22T21:28:53.506736
multi_indicator,10,24,7,16,30,75,18,1.8,1.0,9630.12,-3.7,-20.207,-3.7,36.0,2.15,25,2.03,-0.94,2025-07-22T21:28:53.402731
multi_indicator,10,24,7,16,30,70,18,1.8,1.0,9630.12,-3.7,-20.207,-3.7,36.0,2.15,25,2.03,-0.94,2025-07-22T21:28:52.480184
multi_indicator,10,24,7,16,30,70,18,1.8,1.2,9630.12,-3.7,-20.207,-3.7,36.0,2.15,25,2.03,-0.94,2025-07-22T21:28:52.600554
multi_indicator,10,24,7,14,25,75,18,1.8,1.2,9630.12,-3.7,-20.207,-3.7,36.0,2.15,25,2.03,-0.94,2025-07-22T21:28:48.183770
multi_indicator,10,24,7,14,25,75,18,1.8,1.0,9630.12,-3.7,-20.207,-3.7,36.0,2.15,25,2.03,-0.94,2025-07-22T21:28:48.093282
multi_indicator,10,24,7,14,25,70,18,1.8,1.0,9630.12,-3.7,-20.207,-3.7,36.0,2.15,25,2.03,-0.94,2025-07-22T21:28:47.338503
multi_indicator,10,24,7,14,25,70,18,1.8,1.2,9630.12,-3.7,-20.207,-3.7,36.0,2.15,25,2.03,-0.94,2025-07-22T21:28:47.439114
multi_indicator,10,24,7,14,30,70,18,1.8,1.2,9630.12,-3.7,-20.207,-3.7,36.0,2.15,25,2.03,-0.94,2025-07-22T21:28:49.009071
multi_indicator,10,24,7,14,30,70,18,1.8,1.0,9630.12,-3.7,-20.207,-3.7,36.0,2.15,25,2.03,-0.94,2025-07-22T21:28:48.893593
multi_indicator,10,24,7,14,30,75,18,1.8,1.0,9630.12,-3.7,-20.207,-3.7,36.0,2.15,25,2.03,-0.94,2025-07-22T21:28:49.752259
multi_indicator,10,24,7,14,30,75,18,1.8,1.2,9630.12,-3.7,-20.207,-3.7,36.0,2.15,25,2.03,-0.94,2025-07-22T21:28:49.859801
multi_indicator,10,26,7,14,30,75,18,2.0,1.0,9628.2,-3.72,-20.809,-3.72,36.0,2.009,25,1.9,-0.94,2025-07-22T21:29:04.573034
multi_indicator,10,26,7,14,30,75,18,2.0,1.2,9628.2,-3.72,-20.809,-3.72,36.0,2.009,25,1.9,-0.94,2025-07-22T21:29:04.681194
multi_indicator,10,26,7,14,30,70,18,2.0,1.2,9628.2,-3.72,-20.809,-3.72,36.0,2.009,25,1.9,-0.94,2025-07-22T21:29:03.844166
multi_indicator,10,26,7,14,30,70,18,2.0,1.0,9628.2,-3.72,-20.809,-3.72,36.0,2.009,25,1.9,-0.94,2025-07-22T21:29:03.733489
multi_indicator,10,26,7,16,25,70,18,2.0,1.0,9628.2,-3.72,-20.809,-3.72,36.0,2.009,25,1.9,-0.94,2025-07-22T21:29:05.415465
multi_indicator,10,26,7,16,25,70,18,2.0,1.2,9628.2,-3.72,-20.809,-3.72,36.0,2.009,25,1.9,-0.94,2025-07-22T21:29:05.519955
multi_indicator,10,26,7,16,25,75,18,2.0,1.2,9628.2,-3.72,-20.809,-3.72,36.0,2.009,25,1.9,-0.94,2025-07-22T21:29:06.374183
multi_indicator,10,26,7,16,25,75,18,2.0,1.0,9628.2,-3.72,-20.809,-3.72,36.0,2.009,25,1.9,-0.94,2025-07-22T21:29:06.268221
multi_indicator,10,26,7,14,25,75,18,2.0,1.0,9628.2,-3.72,-20.809,-3.72,36.0,2.009,25,1.9,-0.94,2025-07-22T21:29:02.842205
multi_indicator,10,26,7,14,25,75,18,2.0,1.2,9628.2,-3.72,-20.809,-3.72,36.0,2.009,25,1.9,-0.94,2025-07-22T21:29:02.954471
multi_indicator,10,26,7,14,25,70,18,2.0,1.2,9628.2,-3.72,-20.809,-3.72,36.0,2.009,25,1.9,-0.94,2025-07-22T21:29:02.067806
multi_indicator,10,26,7,14,25,70,18,2.0,1.0,9628.2,-3.72,-20.809,-3.72,36.0,2.009,25,1.9,-0.94,2025-07-22T21:29:01.953803
multi_indicator,10,26,7,16,30,70,18,2.0,1.0,9628.2,-3.72,-20.809,-3.72,36.0,2.009,25,1.9,-0.94,2025-07-22T21:29:07.147923
multi_indicator,10,26,7,16,30,70,18,2.0,1.2,9628.2,-3.72,-20.809,-3.72,36.0,2.009,25,1.9,-0.94,2025-07-22T21:29:07.255717
multi_indicator,10,26,7,16,30,75,18,2.0,1.2,9628.2,-3.72,-20.809,-3.72,36.0,2.009,25,1.9,-0.94,2025-07-22T21:29:08.109327
multi_indicator,10,26,7,16,30,75,18,2.0,1.0,9628.2,-3.72,-20.809,-3.72,36.0,2.009,25,1.9,-0.94,2025-07-22T21:29:08.011713
multi_indicator,10,26,7,16,25,75,18,1.8,1.2,9627.5,-3.72,-20.824,-3.72,36.0,1.963,25,1.85,-0.94,2025-07-22T21:29:06.166498
multi_indicator,10,26,7,16,25,75,18,1.8,1.0,9627.5,-3.72,-20.824,-3.72,36.0,1.963,25,1.85,-0.94,2025-07-22T21:29:06.058690
multi_indicator,10,26,7,16,25,70,18,1.8,1.0,9627.5,-3.72,-20.824,-3.72,36.0,1.963,25,1.85,-0.94,2025-07-22T21:29:05.204120
multi_indicator,10,26,7,16,25,70,18,1.8,1.2,9627.5,-3.72,-20.824,-3.72,36.0,1.963,25,1.85,-0.94,2025-07-22T21:29:05.308122
multi_indicator,10,26,7,14,30,70,18,1.8,1.2,9627.5,-3.72,-20.824,-3.72,36.0,1.963,25,1.85,-0.94,2025-07-22T21:29:03.609450
multi_indicator,10,26,7,14,30,70,18,1.8,1.0,9627.5,-3.72,-20.824,-3.72,36.0,1.963,25,1.85,-0.94,2025-07-22T21:29:03.503675
multi_indicator,10,26,7,14,30,75,18,1.8,1.0,9627.5,-3.72,-20.824,-3.72,36.0,1.963,25,1.85,-0.94,2025-07-22T21:29:04.362499
multi_indicator,10,26,7,14,30,75,18,1.8,1.2,9627.5,-3.72,-20.824,-3.72,36.0,1.963,25,1.85,-0.94,2025-07-22T21:29:04.473067
multi_indicator,10,26,7,16,30,75,18,1.8,1.2,9627.5,-3.72,-20.824,-3.72,36.0,1.963,25,1.85,-0.94,2025-07-22T21:29:07.899362
multi_indicator,10,26,7,16,30,75,18,1.8,1.0,9627.5,-3.72,-20.824,-3.72,36.0,1.963,25,1.85,-0.94,2025-07-22T21:29:07.790679
multi_indicator,10,26,7,16,30,70,18,1.8,1.0,9627.5,-3.72,-20.824,-3.72,36.0,1.963,25,1.85,-0.94,2025-07-22T21:29:06.930436
multi_indicator,10,26,7,16,30,70,18,1.8,1.2,9627.5,-3.72,-20.824,-3.72,36.0,1.963,25,1.85,-0.94,2025-07-22T21:29:07.035522
multi_indicator,10,26,7,14,25,70,18,1.8,1.2,9627.5,-3.72,-20.824,-3.72,36.0,1.963,25,1.85,-0.94,2025-07-22T21:29:01.847008
multi_indicator,10,26,7,14,25,70,18,1.8,1.0,9627.5,-3.72,-20.824,-3.72,36.0,1.963,25,1.85,-0.94,2025-07-22T21:29:01.734087
multi_indicator,10,26,7,14,25,75,18,1.8,1.0,9627.5,-3.72,-20.824,-3.72,36.0,1.963,25,1.85,-0.94,2025-07-22T21:29:02.618878
multi_indicator,10,26,7,14,25,75,18,1.8,1.2,9627.5,-3.72,-20.824,-3.72,36.0,1.963,25,1.85,-0.94,2025-07-22T21:29:02.729260
